code_segment,nom_segment,type_route,longueur_km,nombre_voies,capacite_vehicules_h,lat_debut,lon_debut,lat_fin,lon_fin,lat_centre,lon_centre,est_axe_critique,source_donnee,date_extraction
OSM_732118162_732122109_0,Route Deido Bonanjo (N°1.705),Avenue principale,0.13898810080871415,2,3000,4.0688502,9.7119326,4.0680433,9.7109757,4.068444654341953,9.711455890479177,True,OpenStreetMap,2026-05-30T20:07:09.399149
OSM_732118162_732123766_0,Route Deido Bonanjo (N°1.705),Avenue principale,0.08037137764493153,2,3000,4.0688502,9.7119326,4.0693317,9.7124729,4.069091972584664,9.712201827226883,True,OpenStreetMap,2026-05-30T20:07:09.399149
OSM_732118537_5799337559_0,Route Akwa Nord,Avenue principale,0.010843040418917175,2,3000,4.0769057,9.7177753,4.0769972,9.7178091,4.076951450000373,9.717792199998847,True,OpenStreetMap,2026-05-30T20:07:09.399149
OSM_732118537_732131839_0,Route Akwa Nord,Avenue principale,0.20176447719934343,2,3000,4.0769057,9.7177753,4.0751628,9.7172693,4.076034250097509,9.717522299652131,True,OpenStreetMap,2026-05-30T20:07:09.399149
OSM_732118646_732152260_0,Route du Marché Deido,Rue secondaire,0.14782702378923765,2,1600,4.0620941,9.7200076,4.0611303,9.7190896,4.061612200182205,9.719548599725503,True,OpenStreetMap,2026-05-30T20:07:09.399149
OSM_732118693_732131430_0,Rue 4.164 Bonaberie,Rue secondaire,0.06379388523800066,2,1600,4.0796502,9.6600636,4.0795056,9.6606202,4.0795779000443,9.660341900032165,True,OpenStreetMap,2026-05-30T20:07:09.399149
OSM_732118693_732150055_0,Rue 4.164 Bonaberie,Rue secondaire,0.03156388785196069,2,1600,4.0796502,9.6600636,4.0797503,9.6597973,4.079700250009743,9.659930450009776,True,OpenStreetMap,2026-05-30T20:07:09.399149
OSM_732118947_732139511_0,Rue 4.177 Grand Hangar Bonaberi,Rue secondaire,0.04118243016005609,2,1600,4.0774394,9.6559596,4.0771061,9.6557977,4.077272750007126,9.655878649981226,True,OpenStreetMap,2026-05-30T20:07:09.399149
OSM_732118947_732133183_0,Rue 4.177 Grand Hangar Bonaberi,Rue secondaire,0.058546591833221806,2,1600,4.0774394,9.6559596,4.0778419,9.6562999,4.0776406500253985,9.65612974995655,True,OpenStreetMap,2026-05-30T20:07:09.399149
OSM_732119017_5822587575_0,Raccourci vers le Marché New-Deido,Rue secondaire,0.017135713700189667,1,800,4.0598705,9.7173026,4.0597628,9.7171921,4.05981665000258,9.717247349996358,True,OpenStreetMap,2026-05-30T20:07:09.399149
OSM_732119265_732122419_0,Rue de New Bell,Avenue principale,0.15182348916340244,2,3000,4.0320145,9.7000428,4.0316286,9.6987483,4.031762266497432,9.699413531652562,True,OpenStreetMap,2026-05-30T20:07:09.399149
OSM_732119265_5790164703_0,Rue de New Bell,Avenue principale,0.2083662259832599,2,3000,4.0320145,9.7000428,4.0332043,9.701494,4.032607488006618,9.70076992362453,True,OpenStreetMap,2026-05-30T20:07:09.399149
OSM_732119365_732140478_0,Rue de Deido Bassa(N°1.878),Avenue principale,0.19579915514596968,2,3000,4.0545529,9.7338428,4.0537383,9.7354078,4.054144568143777,9.734624765095635,True,OpenStreetMap,2026-05-30T20:07:09.399149
OSM_732119652_5838256709_0,Boulevard de la Liberté,Avenue principale,0.1783908809304035,2,3000,4.0509024,9.6954968,4.04948,9.6947545,4.0501948188127335,9.695119417475096,True,OpenStreetMap,2026-05-30T20:07:09.399149
OSM_732119890_5915095954_0,Route Akwa Nord,Avenue principale,0.07151335985046853,2,3000,4.0779861,9.7182533,4.0785715,9.7185203,4.07827880002073,9.71838679994433,True,OpenStreetMap,2026-05-30T20:07:09.399149
OSM_732119890_5799337559_0,Route Akwa Nord,Avenue principale,0.1206067590405724,2,3000,4.0779861,9.7182533,4.0769972,9.7178091,4.07749673261192,9.718019728477927,True,OpenStreetMap,2026-05-30T20:07:09.399149
OSM_732120024_732152596_0,Route Deido Bonanjo (N°1.705),Avenue principale,0.10514617527754681,2,3000,4.070233,9.7135046,4.0708364,9.7142345,4.070534700107965,9.713869549868807,True,OpenStreetMap,2026-05-30T20:07:09.399149
OSM_732120024_732123766_0,Route Deido Bonanjo (N°1.705),Avenue principale,0.15219205133496622,2,3000,4.070233,9.7135046,4.0693317,9.7124729,4.069789450342899,9.712982822726156,True,OpenStreetMap,2026-05-30T20:07:09.399149
OSM_732120513_732128829_0,Boulevard de la Liberté,Avenue principale,0.08576794152641182,2,3000,4.0566294,9.6995182,4.0559601,9.6991339,4.056295488852393,9.699324781213837,True,OpenStreetMap,2026-05-30T20:07:09.399149
OSM_732120529_5823485673_0,Avenue King Akwa( N° 1.401),Rue secondaire,0.16899676429725935,2,1600,4.0459125,9.6950756,4.0472922,9.6957146,4.046602350115734,9.69539509969039,True,OpenStreetMap,2026-05-30T20:07:09.399149
OSM_732120529_12526658620_0,Avenue King Akwa( N° 1.401),Rue secondaire,0.060684975492952924,2,1600,4.0459125,9.6950756,4.0454306,9.6948188,4.045671550017466,9.694947199957703,True,OpenStreetMap,2026-05-30T20:07:09.399149
OSM_732120662_732121520_0,Route Akwa Nord,Avenue principale,0.11103626295278622,2,3000,4.082898,9.7203221,4.0820129,9.7198586,4.082455450058462,9.720090349857633,True,OpenStreetMap,2026-05-30T20:07:09.399149
OSM_732120662_732124918_0,Route Akwa Nord,Avenue principale,0.146992679878364,2,3000,4.082898,9.7203221,4.0840037,9.721029,4.08343846753326,9.720701831301552,True,OpenStreetMap,2026-05-30T20:07:09.399149
OSM_732120766_732150303_0,Rue Ernest Betote Akwa (N° 1.358),Rue secondaire,0.20412157205987722,2,1600,4.0518196,9.6911672,4.0508162,9.6927054,4.051300397974969,9.69192422139435,True,OpenStreetMap,2026-05-30T20:07:09.399149
OSM_732120796_4052897779_0,Rue Ernest Betote Akwa (N° 1.358),Rue secondaire,0.1279808745350084,2,1600,4.0463642,9.7004711,4.0468896,9.6994445,4.046626900135004,9.699957800186242,True,OpenStreetMap,2026-05-30T20:07:09.399149
OSM_732120796_11836868781_0,Rue Ernest Betote Akwa (N° 1.358),Rue secondaire,0.20360099638372792,2,1600,4.0463642,9.7004711,4.0455682,9.702124,4.045971442155999,9.701300037177983,True,OpenStreetMap,2026-05-30T20:07:09.399149
OSM_732121334_732119365_0,Rue de Deido Bassa(N°1.878),Avenue principale,0.19018442897545737,2,3000,4.0553865,9.7323464,4.0545529,9.7338428,4.054958925651532,9.73308849430975,True,OpenStreetMap,2026-05-30T20:07:09.399149
OSM_732121422_5795796557_0,Rue de New Bell,Avenue principale,0.04950525852963231,2,3000,4.0320763,9.6965599,4.0322052,9.6961327,4.032140750025244,9.696346300021236,True,OpenStreetMap,2026-05-30T20:07:09.399149
OSM_732121422_732150419_0,Rue de New Bell,Avenue principale,0.1050712656666598,2,3000,4.0320763,9.6965599,4.0318433,9.6974777,4.031954925372269,9.697017565700047,True,OpenStreetMap,2026-05-30T20:07:09.399149
OSM_732121463_2197644969_0,Boulevard de la Liberté,Avenue principale,0.11423314401587693,2,3000,4.0480886,9.6942618,4.0490454,9.6946368,4.048567000043566,9.694449299869593,True,OpenStreetMap,2026-05-30T20:07:09.399149
OSM_732121463_5823485674_0,Boulevard de la Liberté,Avenue principale,0.010616939445900213,2,3000,4.0480886,9.6942618,4.0480036,9.6942182,4.048046100000514,9.694239999998723,True,OpenStreetMap,2026-05-30T20:07:09.399149
OSM_732121520_732120662_0,Route Akwa Nord,Avenue principale,0.11103626295278622,2,3000,4.0820129,9.7198586,4.082898,9.7203221,4.082455450058462,9.720090349857633,True,OpenStreetMap,2026-05-30T20:07:09.399149
OSM_732121520_732138160_0,Route Akwa Nord,Avenue principale,0.0725858035891855,2,3000,4.0820129,9.7198586,4.08141,9.7196077,4.0817114500192435,9.719733149945037,True,OpenStreetMap,2026-05-30T20:07:09.399149
OSM_732122109_732118162_0,Route Deido Bonanjo (N°1.705),Avenue principale,0.13898810080871415,2,3000,4.0680433,9.7109757,4.0688502,9.7119326,4.0684446543419535,9.711455890479177,True,OpenStreetMap,2026-05-30T20:07:09.399149
OSM_732122109_732151543_0,Route Deido Bonanjo (N°1.705),Avenue principale,0.0828693642797136,2,3000,4.0680433,9.7109757,4.0675487,9.7104169,4.067797852126956,9.710694668822056,True,OpenStreetMap,2026-05-30T20:07:09.399149
OSM_732122419_732119265_0,Rue de New Bell,Avenue principale,0.1518234891634024,2,3000,4.0316286,9.6987483,4.0320145,9.7000428,4.031762266497432,9.699413531652565,True,OpenStreetMap,2026-05-30T20:07:09.399149
OSM_732122419_2370676634_0,Rue de New Bell,Avenue principale,0.05207396648914718,2,3000,4.0316286,9.6987483,4.0316502,9.69828,4.0316331390407285,9.698513862967987,True,OpenStreetMap,2026-05-30T20:07:09.399149
OSM_732122762_732138160_0,Route Akwa Nord,Avenue principale,0.07164814052324467,2,3000,4.0808041,9.7193879,4.08141,9.7196077,4.081107050015976,9.719497799950142,True,OpenStreetMap,2026-05-30T20:07:09.399149
OSM_732122762_732150137_0,Route Akwa Nord,Avenue principale,0.20951037850461865,2,3000,4.0808041,9.7193879,4.079042,9.7187199,4.079920265193679,9.719061120580081,True,OpenStreetMap,2026-05-30T20:07:09.399149
OSM_732123217_732133183_0,Rue 4.177 Grand Hangar Bonaberi,Rue secondaire,0.042520209179317266,2,1600,4.0781075,9.6565757,4.0778419,9.6562999,4.07797470001574,9.656437799977514,True,OpenStreetMap,2026-05-30T20:07:09.399149
OSM_732123217_732133225_0,Rue 4.177 Grand Hangar Bonaberi,Rue secondaire,0.07746934677975743,2,1600,4.0781075,9.6565757,4.0787075,9.6569307,4.07840750003142,9.65675319992838,True,OpenStreetMap,2026-05-30T20:07:09.399149
OSM_732123413_732128877_0,Boulevard de la Liberté,Avenue principale,0.10577050241161753,2,3000,4.0581611,9.7007891,4.057469,9.700135,4.057813302004357,9.700463889107176,True,OpenStreetMap,2026-05-30T20:07:09.399149
OSM_732123478_732146616_0,"Rue 4,158 Bonabérie",Rue secondaire,0.05714382505776804,2,1600,4.080532,9.6561057,4.0802138,9.6565088,4.080367002739949,9.656302306782708,True,OpenStreetMap,2026-05-30T20:07:09.399149
OSM_732123537_732136840_0,Boulevard de la Liberté,Avenue principale,0.208423408300076,2,3000,4.0604672,9.7030162,4.0591264,9.7017032,4.059799681747066,9.702356770999721,True,OpenStreetMap,2026-05-30T20:07:09.399149
OSM_732123766_732120024_0,Route Deido Bonanjo (N°1.705),Avenue principale,0.1521920513349662,2,3000,4.0693317,9.7124729,4.070233,9.7135046,4.069789450342899,9.712982822726156,True,OpenStreetMap,2026-05-30T20:07:09.399149
OSM_732123766_732118162_0,Route Deido Bonanjo (N°1.705),Avenue principale,0.08037137764493153,2,3000,4.0693317,9.7124729,4.0688502,9.7119326,4.069091972584664,9.712201827226883,True,OpenStreetMap,2026-05-30T20:07:09.399149
OSM_732124461_2370676643_0,Rue de New Bell,Avenue principale,0.2801542784629516,2,3000,4.0334039,9.6927148,4.0325142,9.6950778,4.032961220666525,9.69389711111152,True,OpenStreetMap,2026-05-30T20:07:09.399149
OSM_732124461_2370676658_0,Rue de New Bell,Avenue principale,0.10921805834104376,2,3000,4.0334039,9.6927148,4.0337798,9.6918055,4.033586090448144,9.692257717460564,True,OpenStreetMap,2026-05-30T20:07:09.399149
OSM_732124553_732147631_0,Rue de Bonapriso (N°1.041),Rue secondaire,0.04164129298189971,2,1600,4.0391065,9.6852541,4.0394796,9.6852218,4.039293049999956,9.68523795000011,True,OpenStreetMap,2026-05-30T20:07:09.399149
OSM_732124553_732135643_0,Rue de Bonapriso (N°1.041),Rue secondaire,0.12933389956988595,2,1600,4.0391065,9.6852541,4.0379804,9.6849686,4.038539594039676,9.685127257024654,True,OpenStreetMap,2026-05-30T20:07:09.399149
OSM_732124701_1836919930_1,Rue Bonanjo Joss (N°1.093),Rue secondaire,0.3136094619285533,2,1600,4.0449716,9.6887597,4.0451756,9.6894399,4.044419662883311,9.689265781942767,True,OpenStreetMap,2026-05-30T20:07:09.399149
OSM_732124918_732120662_0,Route Akwa Nord,Avenue principale,0.146992679878364,2,3000,4.0840037,9.721029,4.082898,9.7203221,4.08343846753326,9.720701831301552,True,OpenStreetMap,2026-05-30T20:07:09.399149
OSM_732125020_5817815174_0,Rue de Deido Bassa(N°1.878),Avenue principale,0.06047050352731571,2,3000,4.0589422,9.7266562,4.0586661,9.7271259,4.058804150027258,9.726891050043912,True,OpenStreetMap,2026-05-30T20:07:09.399149
OSM_732125103_732132432_0,Rue de Deido Bassa(N°1.878),Avenue principale,0.30461326502385166,2,3000,4.0577098,9.7288052,4.0562752,9.7311388,4.057024979342266,9.729993330571443,True,OpenStreetMap,2026-05-30T20:07:09.399149
OSM_732126399_732130389_0,Boulevard de la Liberté,Voie rapide,0.06781229844453597,2,4000,4.0632318,9.7059233,4.0628091,9.7054826,4.063020450040729,9.705702949943099,True,OpenStreetMap,2026-05-30T20:07:09.399149
OSM_732126399_732133799_0,Boulevard de la Liberté,Voie rapide,0.06971887357296602,2,4000,4.0632318,9.7059233,4.0636713,9.7063716,4.063451550042411,9.706147449939579,True,OpenStreetMap,2026-05-30T20:07:09.399149
OSM_732127373_732153944_0,Rond-Point de Deido,Voie rapide,0.03154925256517036,2,4000,4.0643376,9.7066681,4.064068,9.7066615,4.064203410095063,9.706639886622614,True,OpenStreetMap,2026-05-30T20:07:09.399149
OSM_732127889_732150042_0,Avenue King Akwa( N° 1.401),Rue secondaire,0.10024321059960116,2,1600,4.0496016,9.6971351,4.0502918,9.6977165,4.049946700075118,9.697425799873264,True,OpenStreetMap,2026-05-30T20:07:09.399149
OSM_732127889_732137258_0,Avenue King Akwa( N° 1.401),Rue secondaire,0.16210564194752697,2,1600,4.0496016,9.6971351,4.048435,9.69626,4.049024103374096,9.696689429697622,True,OpenStreetMap,2026-05-30T20:07:09.399149
OSM_732128140_732132097_0,Rue de Deido Bassa(N°1.878),Avenue principale,0.050122810993271684,2,3000,4.0640047,9.716505,4.063886,9.7169409,4.063943751499132,9.71672251519542,True,OpenStreetMap,2026-05-30T20:07:09.399149
OSM_732128302_732135118_0,"Rue 4,158 Bonabérie",Rue secondaire,0.0772551741003455,2,1600,4.0799422,9.6568988,4.0795381,9.6574654,4.07974015003907,9.65718210007478,True,OpenStreetMap,2026-05-30T20:07:09.399149
OSM_732128302_732146616_0,"Rue 4,158 Bonabérie",Rue secondaire,0.05275577679734605,2,1600,4.0799422,9.6568988,4.0802138,9.6565088,4.080078000018633,9.65670380003473,True,OpenStreetMap,2026-05-30T20:07:09.399149
OSM_732128421_732141360_0,Grand raccourci vers le marche New-Deido,Rue secondaire,0.13665406419922277,1,800,4.0629195,9.7191292,4.0620173,9.7182978,4.062482144672483,9.718700173930973,True,OpenStreetMap,2026-05-30T20:07:09.399149
OSM_732128467_732149923_0,Rue Ecole Publique Bilingue de Bonaberi,Rue secondaire,0.059261392757443514,2,1600,4.0971579,9.6565335,4.0975513,9.6561735,4.097351739287701,9.656350318019634,True,OpenStreetMap,2026-05-30T20:07:09.399149
OSM_732128577_732151828_0,Avenue King Akwa( N° 1.401),Rue secondaire,0.07470120689632082,2,1600,4.0543576,9.7007713,4.054855,9.701224,4.05460630004455,9.700997649929729,True,OpenStreetMap,2026-05-30T20:07:09.399149
OSM_732128577_732153312_0,Avenue King Akwa( N° 1.401),Rue secondaire,0.13104106567202334,2,1600,4.0543576,9.7007713,4.0534202,9.7000553,4.0538889001179665,9.700413299784213,True,OpenStreetMap,2026-05-30T20:07:09.399149
OSM_732128797_4443408474_0,Rue 4.515 bonaberi,Rue secondaire,0.32649118276196465,2,1600,4.0979013,9.6579861,4.0957608,9.6559721,4.0968361772773445,9.656973715929105,True,OpenStreetMap,2026-05-30T20:07:09.399149
OSM_732128829_4519702672_0,Boulevard de la Liberté,Avenue principale,0.21908312498800597,2,3000,4.0559601,9.6991339,4.0542559,9.6981427,4.055108740685195,9.698637030122315,True,OpenStreetMap,2026-05-30T20:07:09.399149
OSM_732128868_732139057_0,"Rue 4,158 Bonabérie",Rue secondaire,0.051327888033255865,2,1600,4.0790053,9.6603906,4.079052,9.6599302,4.079028650031959,9.660160400011929,True,OpenStreetMap,2026-05-30T20:07:09.399149
OSM_732128877_732120513_0,Boulevard de la Liberté,Avenue principale,0.11634789597370196,2,3000,4.057469,9.700135,4.0566294,9.6995182,4.057065910851856,9.699804637985775,True,OpenStreetMap,2026-05-30T20:07:09.399149
OSM_732128952_732119652_0,Boulevard de la Liberté,Avenue principale,0.11450690856006207,2,3000,4.0516867,9.6961658,4.0509024,9.6954968,4.051294387314298,9.695831488823204,True,OpenStreetMap,2026-05-30T20:07:09.399149
OSM_732129808_732138514_0,Raccourci vers le Marché New-Deido,Rue secondaire,0.045345697831328184,1,800,4.0606905,9.7180483,4.0603851,9.7177774,4.060538448603323,9.717912126834847,True,OpenStreetMap,2026-05-30T20:07:09.399149
OSM_732130389_11303785522_0,Boulevard de la Liberté,Voie rapide,0.14602439033220133,2,4000,4.0628091,9.7054826,4.0618864,9.7045458,4.062347750185326,9.705014199734778,True,OpenStreetMap,2026-05-30T20:07:09.399149
OSM_732130389_732126399_0,Boulevard de la Liberté,Voie rapide,0.06781229844453597,2,4000,4.0628091,9.7054826,4.0632318,9.7059233,4.063020450040729,9.705702949943099,True,OpenStreetMap,2026-05-30T20:07:09.399149
OSM_732130397_12526658620_0,Avenue King Akwa( N° 1.401),Rue secondaire,0.1818836433247806,2,1600,4.0456119,9.6934492,4.0454306,9.6948188,4.045333832855865,9.694185439651363,True,OpenStreetMap,2026-05-30T20:07:09.399149
OSM_732131304_732134145_0,"Rue 4,158 Bonabérie",Rue secondaire,0.032034156298744405,2,1600,4.0793613,9.6582792,4.0794339,9.6579997,4.079397600011173,9.658139450008102,True,OpenStreetMap,2026-05-30T20:07:09.399149
OSM_732131304_732145388_0,"Rue 4,158 Bonabérie",Rue secondaire,0.04313251520190258,2,1600,4.0793613,9.6582792,4.0793187,9.6586652,4.079334984021472,9.658471634559753,True,OpenStreetMap,2026-05-30T20:07:09.399149
OSM_732131320_732139586_0,Raccourci vers le Marché New-Deido,Rue secondaire,0.0459890895861468,1,800,4.0584922,9.7155097,4.0582295,9.7151926,4.058368148700681,9.715344784724525,True,OpenStreetMap,2026-05-30T20:07:09.399149
OSM_732131324_732150366_0,Avenue King Akwa( N° 1.401),Rue secondaire,0.06352930423180943,2,1600,4.056682,9.7029612,4.056278,9.7025562,4.056480000034696,9.702758699949758,True,OpenStreetMap,2026-05-30T20:07:09.399149
OSM_732131324_732148115_0,Avenue King Akwa( N° 1.401),Rue secondaire,0.06121724656531721,2,1600,4.056682,9.7029612,4.057066,9.7033567,4.056874000032847,9.70315894995358,True,OpenStreetMap,2026-05-30T20:07:09.399149
OSM_732131376_5815641856_0,Route Cimitière Ndokoti,Rue secondaire,0.05023547130679885,2,1600,4.0453334,9.736809,4.0457845,9.7367842,4.045558950000088,9.736796599997776,True,OpenStreetMap,2026-05-30T20:07:09.399149
OSM_732131384_5815859960_0,Rue de Deido Bassa(N°1.878),Avenue principale,0.06436740542824317,2,3000,4.0583745,9.7276451,4.0580858,9.7281481,4.058230150031425,9.727896600049394,True,OpenStreetMap,2026-05-30T20:07:09.399149
OSM_732131430_732118693_0,Rue 4.164 Bonaberie,Rue secondaire,0.06379388523800066,2,1600,4.0795056,9.6606202,4.0796502,9.6600636,4.0795779000443,9.660341900032165,True,OpenStreetMap,2026-05-30T20:07:09.399149
OSM_732131839_732118537_0,Route Akwa Nord,Avenue principale,0.20176447719934343,2,3000,4.0751628,9.7172693,4.0769057,9.7177753,4.076034250097509,9.717522299652131,True,OpenStreetMap,2026-05-30T20:07:09.399149
OSM_732131839_5799337548_0,Route Akwa Nord,Avenue principale,0.08572416319689492,2,3000,4.0751628,9.7172693,4.0744227,9.7170529,4.074792750017741,9.717161099936964,True,OpenStreetMap,2026-05-30T20:07:09.399149
OSM_732132097_732133747_0,Rue de Deido Bassa(N°1.878),Avenue principale,0.08383437670488855,2,3000,4.063886,9.7169409,4.0636887,9.7176704,4.063787370198354,9.717305655454492,True,OpenStreetMap,2026-05-30T20:07:09.399149
OSM_732132432_732147196_0,Rue de Deido Bassa(N°1.878),Avenue principale,0.10485415780770575,2,3000,4.0562752,9.7311388,4.0556894,9.7318796,4.055982192445694,9.731509115591843,True,OpenStreetMap,2026-05-30T20:07:09.399149
OSM_732132613_732138963_0,Avenue King Akwa( N° 1.401),Rue secondaire,0.12495970791582069,2,1600,4.0517908,9.6988644,4.0508912,9.6981892,4.051341000105422,9.69852679980427,True,OpenStreetMap,2026-05-30T20:07:09.399149
OSM_732132613_732136410_0,Avenue King Akwa( N° 1.401),Rue secondaire,0.10995038628408704,2,1600,4.0517908,9.6988644,4.0525848,9.6994552,4.052187800080997,9.699159799848578,True,OpenStreetMap,2026-05-30T20:07:09.399149
OSM_732132646_732153339_0,Rue 4.164 Bonaberie,Rue secondaire,0.04821139198941136,2,1600,4.0799932,9.6587146,4.07988,9.6591342,4.079936600025099,9.658924400018792,True,OpenStreetMap,2026-05-30T20:07:09.399149
OSM_732132646_3074979783_0,Rue 4.162 Bonaberie,Rue secondaire,0.09357722976031713,2,1600,4.0799932,9.6587146,4.0803772,9.6579834,4.080145196012158,9.658331243606805,True,OpenStreetMap,2026-05-30T20:07:09.399149
OSM_732132891_5915095940_0,Route Deido Bonanjo (N°1.705),Avenue principale,0.04023052799592266,2,3000,4.0649268,9.7075896,4.0646459,9.707361,4.064786350011825,9.707475299979517,True,OpenStreetMap,2026-05-30T20:07:09.399149
OSM_732132891_732144453_0,Route Deido Bonanjo (N°1.705),Avenue principale,0.14696027754760285,2,3000,4.0649268,9.7075896,4.0658745,9.7085063,4.06542119336421,9.708025865807045,True,OpenStreetMap,2026-05-30T20:07:09.399149
OSM_732133183_732118947_0,Rue 4.177 Grand Hangar Bonaberi,Rue secondaire,0.058546591833221806,2,1600,4.0778419,9.6562999,4.0774394,9.6559596,4.0776406500253985,9.65612974995655,True,OpenStreetMap,2026-05-30T20:07:09.399149
OSM_732133183_732123217_0,Rue 4.177 Grand Hangar Bonaberi,Rue secondaire,0.042520209179317266,2,1600,4.0778419,9.6562999,4.0781075,9.6565757,4.07797470001574,9.656437799977514,True,OpenStreetMap,2026-05-30T20:07:09.399149
OSM_732133225_732123217_0,Rue 4.177 Grand Hangar Bonaberi,Rue secondaire,0.07746934677975743,2,1600,4.0787075,9.6569307,4.0781075,9.6565757,4.07840750003142,9.65675319992838,True,OpenStreetMap,2026-05-30T20:07:09.399149
OSM_732133225_732135118_0,Rue 4.177 Grand Hangar Bonaberi,Rue secondaire,0.10975995477186676,2,1600,4.0787075,9.6569307,4.0795381,9.6574654,4.079122800068956,9.65719804985272,True,OpenStreetMap,2026-05-30T20:07:09.399149
OSM_732133747_5822587554_0,Rue de Deido Bassa(N°1.878),Avenue principale,0.051278443378463975,2,3000,4.0636887,9.7176704,4.0635626,9.7181151,4.063625650027682,9.717892750022253,True,OpenStreetMap,2026-05-30T20:07:09.399149
OSM_732133799_732126399_0,Boulevard de la Liberté,Voie rapide,0.06971887357296602,2,4000,4.0636713,9.7063716,4.0632318,9.7059233,4.063451550042411,9.706147449939579,True,OpenStreetMap,2026-05-30T20:07:09.399149
OSM_732133799_5917468414_0,Boulevard de la Liberté,Voie rapide,0.0254984914036318,2,4000,4.0636713,9.7063716,4.0638322,9.7065354,4.0637517500056655,9.706453499991914,True,OpenStreetMap,2026-05-30T20:07:09.399149
OSM_732134145_732131304_0,"Rue 4,158 Bonabérie",Rue secondaire,0.032034156298744405,2,1600,4.0794339,9.6579997,4.0793613,9.6582792,4.079397600011173,9.658139450008102,True,OpenStreetMap,2026-05-30T20:07:09.399149
OSM_732134145_5784868989_0,"Rue 4,158 Bonabérie",Rue secondaire,0.057205071046031314,2,1600,4.0794339,9.6579997,4.0796239,9.6575204,4.0795289245553805,9.657760059678083,True,OpenStreetMap,2026-05-30T20:07:09.399149
OSM_732134229_732146019_0,Rue de Deido Bassa(N°1.878),Avenue principale,0.5675712220968125,2,3000,4.0487904,9.7404016,4.0460601,9.7447062,4.0473465442476595,9.742499590544387,True,OpenStreetMap,2026-05-30T20:07:09.399149
OSM_732134357_5915095940_0,Route Deido Bonanjo (N°1.705),Avenue principale,0.04724706625234999,2,3000,4.0642981,9.7071163,4.0646459,9.707361,4.0644720000142645,9.707238649972163,True,OpenStreetMap,2026-05-30T20:07:09.399149
OSM_732134357_6474188150_0,Rond-Point de Deido,Voie rapide,0.020992673761296664,2,4000,4.0642981,9.7071163,4.06443,9.7069863,4.064371294593196,9.707058589185936,True,OpenStreetMap,2026-05-30T20:07:09.399149
OSM_732134861_5838256710_0,Rue Ernest Betote Akwa (N° 1.358),Rue secondaire,0.11056568233507355,2,1600,4.0500398,9.6938521,4.0494845,9.694679,4.049762150082434,9.694265550150936,True,OpenStreetMap,2026-05-30T20:07:09.399149
OSM_732134861_732150303_0,Rue Ernest Betote Akwa (N° 1.358),Rue secondaire,0.15372121771891792,2,1600,4.0500398,9.6938521,4.0508162,9.6927054,4.05042800015827,9.693278750292253,True,OpenStreetMap,2026-05-30T20:07:09.399149
OSM_732135118_732133225_0,Rue 4.177 Grand Hangar Bonaberi,Rue secondaire,0.10975995477186676,2,1600,4.0795381,9.6574654,4.0787075,9.6569307,4.079122800068956,9.65719804985272,True,OpenStreetMap,2026-05-30T20:07:09.399149
OSM_732135118_5784868989_0,Rue 4.177 Grand Hangar Bonaberi,Rue secondaire,0.011324076934195423,2,1600,4.0795381,9.6574654,4.0796239,9.6575204,4.079581000000731,9.657492899998434,True,OpenStreetMap,2026-05-30T20:07:09.399149
OSM_732135118_732128302_0,"Rue 4,158 Bonabérie",Rue secondaire,0.0772551741003455,2,1600,4.0795381,9.6574654,4.0799422,9.6568988,4.07974015003907,9.65718210007478,True,OpenStreetMap,2026-05-30T20:07:09.399149
OSM_732135643_2370676684_0,Rue de Bonapriso (N°1.041),Rue secondaire,0.19333595109707505,2,1600,4.0379804,9.6849686,4.0363314,9.6844164,4.037157135379479,9.684688713431274,True,OpenStreetMap,2026-05-30T20:07:09.399149
OSM_732135643_732124553_0,Rue de Bonapriso (N°1.041),Rue secondaire,0.12933389956988592,2,1600,4.0379804,9.6849686,4.0391065,9.6852541,4.038539594039676,9.685127257024655,True,OpenStreetMap,2026-05-30T20:07:09.399149
OSM_732135768_732140880_0,Rue de New Bell,Avenue principale,0.06053634202675215,2,3000,4.0324679,9.6952553,4.0323188,9.6957802,4.032393350038369,9.69551775003064,True,OpenStreetMap,2026-05-30T20:07:09.399149
OSM_732135768_2370676643_0,Rue de New Bell,Avenue principale,0.0203502603684797,2,3000,4.0324679,9.6952553,4.0325142,9.6950778,4.032491050004427,9.695166550003291,True,OpenStreetMap,2026-05-30T20:07:09.399149
OSM_732135940_732131320_0,Raccourci vers le Marché New-Deido,Rue secondaire,0.048068341730016485,1,800,4.058738,9.7158662,4.0584922,9.7155097,4.058615100024678,9.71568794997488,True,OpenStreetMap,2026-05-30T20:07:09.399149
OSM_732136410_732153312_0,Avenue King Akwa( N° 1.401),Rue secondaire,0.11427772366268166,2,1600,4.0525848,9.6994552,4.0534202,9.7000553,4.053002500084671,9.699755249837155,True,OpenStreetMap,2026-05-30T20:07:09.399149
OSM_732136410_732132613_0,Avenue King Akwa( N° 1.401),Rue secondaire,0.10995038628408704,2,1600,4.0525848,9.6994552,4.0517908,9.6988644,4.052187800080997,9.699159799848578,True,OpenStreetMap,2026-05-30T20:07:09.399149
OSM_732136716_2381260517_0,Rue de Deido Bassa(N°1.878),Avenue principale,0.07345691918804385,2,3000,4.0519529,9.7376835,4.0514068,9.7380561,4.051680815588785,9.737871205923176,True,OpenStreetMap,2026-05-30T20:07:09.399149
OSM_732136840_732151503_0,Boulevard de la Liberté,Avenue principale,0.07986761924249236,2,3000,4.0591264,9.7017032,4.0586041,9.7012089,4.058865250052548,9.701456049919885,True,OpenStreetMap,2026-05-30T20:07:09.399149
OSM_732136932_5820697780_0,Route Deido Bonanjo (N°1.705),Avenue principale,0.016534420884437167,2,3000,4.0670792,9.7098827,4.0669795,9.7097721,4.067029350002529,9.709827399996664,True,OpenStreetMap,2026-05-30T20:07:09.399149
OSM_732136932_732151543_0,Route Deido Bonanjo (N°1.705),Avenue principale,0.07897503950549065,2,3000,4.0670792,9.7098827,4.0675487,9.7104169,4.06731233166734,9.710151214266062,True,OpenStreetMap,2026-05-30T20:07:09.399149
OSM_732137070_4416224628_0,Rue de Deido Bassa(N°1.878),Avenue principale,0.03312447157813587,2,3000,4.0499206,9.7392612,4.0497152,9.7394775,4.049817900004862,9.739369350013776,True,OpenStreetMap,2026-05-30T20:07:09.399149
OSM_732137258_732137913_0,Avenue King Akwa( N° 1.401),Rue secondaire,0.13013648358573945,2,1600,4.048435,9.69626,4.0473789,9.6957544,4.047906950071305,9.69600719981362,True,OpenStreetMap,2026-05-30T20:07:09.399149
OSM_732137258_732149443_0,Rue Ernest Betote Akwa (N° 1.358),Rue secondaire,0.3794871399113845,2,1600,4.048435,9.69626,4.0469432,9.699337,4.047682565131344,9.697795325425869,True,OpenStreetMap,2026-05-30T20:07:09.399149
OSM_732137258_5838256707_0,Rue Ernest Betote Akwa (N° 1.358),Rue secondaire,0.18073449936653285,2,1600,4.048435,9.69626,4.0493518,9.6949145,4.0488933849850905,9.695587240110507,True,OpenStreetMap,2026-05-30T20:07:09.399149
OSM_732137258_732127889_0,Avenue King Akwa( N° 1.401),Rue secondaire,0.16210564194752697,2,1600,4.048435,9.69626,4.0496016,9.6971351,4.049024103374096,9.696689429697622,True,OpenStreetMap,2026-05-30T20:07:09.399149
OSM_732137682_732151804_0,Raccourci vers le Marché New-Deido,Rue secondaire,0.07201044309067717,1,800,4.0595612,9.7169476,4.0591648,9.7164342,4.059363000052492,9.716690899940337,True,OpenStreetMap,2026-05-30T20:07:09.399149
OSM_732137861_732125020_0,Rue de Deido Bassa(N°1.878),Avenue principale,0.083747829364116,2,3000,4.059325,9.726006,4.0589422,9.7266562,4.059131737845074,9.726330013365327,True,OpenStreetMap,2026-05-30T20:07:09.399149
OSM_732137913_5823485673_0,Avenue King Akwa( N° 1.401),Rue secondaire,0.0106032770959921,2,1600,4.0473789,9.6957544,4.0472922,9.6957146,4.047335550000451,9.695734499998785,True,OpenStreetMap,2026-05-30T20:07:09.399149
OSM_732137913_732137258_0,Avenue King Akwa( N° 1.401),Rue secondaire,0.13013648358573945,2,1600,4.0473789,9.6957544,4.048435,9.69626,4.047906950071305,9.69600719981362,True,OpenStreetMap,2026-05-30T20:07:09.399149
OSM_732138160_732121520_0,Route Akwa Nord,Avenue principale,0.0725858035891855,2,3000,4.08141,9.7196077,4.0820129,9.7198586,4.0817114500192435,9.719733149945037,True,OpenStreetMap,2026-05-30T20:07:09.399149
OSM_732138160_732122762_0,Route Akwa Nord,Avenue principale,0.07164814052324467,2,3000,4.08141,9.7196077,4.0808041,9.7193879,4.081107050015976,9.719497799950142,True,OpenStreetMap,2026-05-30T20:07:09.399149
OSM_732138514_732119017_0,Raccourci vers le Marché New-Deido,Rue secondaire,0.0777671991564309,1,800,4.0603851,9.7177774,4.0598705,9.7173026,4.060127287290656,9.717540551174316,True,OpenStreetMap,2026-05-30T20:07:09.399149
OSM_732138963_732132613_0,Avenue King Akwa( N° 1.401),Rue secondaire,0.12495970791582069,2,1600,4.0508912,9.6981892,4.0517908,9.6988644,4.051341000105422,9.69852679980427,True,OpenStreetMap,2026-05-30T20:07:09.399149
OSM_732138963_732150042_0,Avenue King Akwa( N° 1.401),Rue secondaire,0.08480116049481477,2,1600,4.0508912,9.6981892,4.0502918,9.6977165,4.050591500050769,9.697952849909486,True,OpenStreetMap,2026-05-30T20:07:09.399149
OSM_732139057_732128868_0,"Rue 4,158 Bonabérie",Rue secondaire,0.051327888033255865,2,1600,4.079052,9.6599302,4.0790053,9.6603906,4.079028650031959,9.660160400011929,True,OpenStreetMap,2026-05-30T20:07:09.399149
OSM_732139057_732150425_0,"Rue 4,158 Bonabérie",Rue secondaire,0.056939285696570384,2,1600,4.079052,9.6599302,4.0791258,9.6594222,4.079088221642761,9.659676102112499,True,OpenStreetMap,2026-05-30T20:07:09.399149
OSM_732139511_732118947_0,Rue 4.177 Grand Hangar Bonaberi,Rue secondaire,0.04118243016005609,2,1600,4.0771061,9.6557977,4.0774394,9.6559596,4.077272750007126,9.655878649981226,True,OpenStreetMap,2026-05-30T20:07:09.399149
OSM_732139511_5766124081_0,Rue 4.177 Grand Hangar Bonaberi,Rue secondaire,0.08684661580943334,2,1600,4.0771061,9.6557977,4.0763536,9.6556078,4.076735546235182,9.655679355376009,True,OpenStreetMap,2026-05-30T20:07:09.399149
OSM_732139557_732145824_0,Boulevard de la Liberté,Avenue principale,0.10894024152702975,2,3000,4.0534101,9.6976165,4.0526583,9.6969869,4.053031792610959,9.697304526600671,True,OpenStreetMap,2026-05-30T20:07:09.399149
OSM_732139586_732130574_0,Raccourci vers le Marché New-Deido,Rue secondaire,0.08223763620675326,1,800,4.0582295,9.7151926,4.0577996,9.7146003,4.058011960327039,9.714893597357944,True,OpenStreetMap,2026-05-30T20:07:09.399149
OSM_732140478_12507372401_0,Rue de Deido Bassa(N°1.878),Avenue principale,0.010992991272281155,2,3000,4.0537383,9.7354078,4.0536904,9.7354945,4.053714350000936,9.735451150001422,True,OpenStreetMap,2026-05-30T20:07:09.399149
OSM_732140608_5818159526_0,Rue de Deido Bassa(N°1.878),Avenue principale,0.3617784677796987,2,3000,4.0614376,9.7222098,4.0598308,9.7250454,4.060643721470337,9.72363283523639,True,OpenStreetMap,2026-05-30T20:07:09.399149
OSM_732140880_5795796557_0,Rue de New Bell,Avenue principale,0.04108907463690938,2,3000,4.0323188,9.6957802,4.0322052,9.6961327,4.032262000017058,9.695956450015194,True,OpenStreetMap,2026-05-30T20:07:09.399149
OSM_732140880_732135768_0,Rue de New Bell,Avenue principale,0.06053634202675215,2,3000,4.0323188,9.6957802,4.0324679,9.6952553,4.032393350038369,9.69551775003064,True,OpenStreetMap,2026-05-30T20:07:09.399149
OSM_732141360_5822866585_0,Grand raccourci vers le marche New-Deido,Rue secondaire,0.04618364953067373,1,800,4.0620173,9.7182978,4.0617139,9.7180135,4.061866574413743,9.718154612274038,True,OpenStreetMap,2026-05-30T20:07:09.399149
OSM_732141974_3074979783_0,Rue 4.177 Grand Hangar Bonaberi,Rue secondaire,0.10434347251122077,2,1600,4.0805878,9.6588175,4.0803772,9.6579834,4.080566842463355,9.658363773766423,True,OpenStreetMap,2026-05-30T20:07:09.399149
OSM_732142580_5802864324_0,Route Akwa Nord,Avenue principale,0.010587121074266754,2,3000,4.0730422,9.7163852,4.0731151,9.7164466,4.073078650000847,9.716415899998577,True,OpenStreetMap,2026-05-30T20:07:09.399149
OSM_732142580_732152596_0,Route Deido Bonanjo (N°1.705),Avenue principale,0.34222111195865873,2,3000,4.0730422,9.7163852,4.0708364,9.7142345,4.071942109226916,9.715307397211689,True,OpenStreetMap,2026-05-30T20:07:09.399149
OSM_732144409_5815641857_0,Route Cimitière Ndokoti,Rue secondaire,0.44321120874280084,2,1600,4.044886,9.7386389,4.0461532,9.736763,4.046215965881986,9.738026671684013,True,OpenStreetMap,2026-05-30T20:07:09.399149
OSM_732144453_732145911_0,Route Deido Bonanjo (N°1.705),Avenue principale,0.10125585579123149,2,3000,4.0658745,9.7085063,4.0664738,9.7091928,4.066167670486434,9.70885521551534,True,OpenStreetMap,2026-05-30T20:07:09.399149
OSM_732144453_732132891_0,Route Deido Bonanjo (N°1.705),Avenue principale,0.14696027754760282,2,3000,4.0658745,9.7085063,4.0649268,9.7075896,4.06542119336421,9.708025865807045,True,OpenStreetMap,2026-05-30T20:07:09.399149
OSM_732144469_732150055_0,Rue 4.164 Bonaberie,Rue secondaire,0.029202588067497887,2,1600,4.0797917,9.6595373,4.0797503,9.6597973,4.079771000010001,9.659667300004985,True,OpenStreetMap,2026-05-30T20:07:09.399149
OSM_732144469_732153339_0,Rue 4.164 Bonaberie,Rue secondaire,0.045774575270284286,2,1600,4.0797917,9.6595373,4.07988,9.6591342,4.079835850023564,9.659335750014897,True,OpenStreetMap,2026-05-30T20:07:09.399149
OSM_732145388_732150425_0,"Rue 4,158 Bonabérie",Rue secondaire,0.08665797606806558,2,1600,4.0793187,9.6586652,4.0791258,9.6594222,4.079222250082089,9.65904370005862,True,OpenStreetMap,2026-05-30T20:07:09.399149
OSM_732145388_732131304_0,"Rue 4,158 Bonabérie",Rue secondaire,0.04313251520190258,2,1600,4.0793187,9.6586652,4.0793613,9.6582792,4.079334984021472,9.658471634559753,True,OpenStreetMap,2026-05-30T20:07:09.399149
OSM_732145572_732151828_0,Avenue King Akwa( N° 1.401),Rue secondaire,0.14400735300255416,2,1600,4.0557914,9.7021209,4.054855,9.701224,4.055323200172296,9.70167244974014,True,OpenStreetMap,2026-05-30T20:07:09.399149
OSM_732145572_732150366_0,Avenue King Akwa( N° 1.401),Rue secondaire,0.07251741045511072,2,1600,4.0557914,9.7021209,4.056278,9.7025562,4.056034700041441,9.702338549933677,True,OpenStreetMap,2026-05-30T20:07:09.399149
OSM_732145615_732148115_0,Avenue King Akwa( N° 1.401),Rue secondaire,0.1309684749506561,2,1600,4.0579231,9.7041666,4.057066,9.7033567,4.057494550141217,9.703761649784598,True,OpenStreetMap,2026-05-30T20:07:09.399149
OSM_732145824_732128952_0,Boulevard de la Liberté,Avenue principale,0.14130393336436836,2,3000,4.0526583,9.6969869,4.0516867,9.6961658,4.052171736718177,9.696577248417489,True,OpenStreetMap,2026-05-30T20:07:09.399149
OSM_732145911_5820697780_0,Route Deido Bonanjo (N°1.705),Avenue principale,0.08539035723890272,2,3000,4.0664738,9.7091928,4.0669795,9.7097721,4.066725043581967,9.709483856234169,True,OpenStreetMap,2026-05-30T20:07:09.399149
OSM_732145911_732144453_0,Route Deido Bonanjo (N°1.705),Avenue principale,0.10125585579123149,2,3000,4.0664738,9.7091928,4.0658745,9.7085063,4.066167670486434,9.70885521551534,True,OpenStreetMap,2026-05-30T20:07:09.399149
OSM_732146616_732128302_0,"Rue 4,158 Bonabérie",Rue secondaire,0.05275577679734605,2,1600,4.0802138,9.6565088,4.0799422,9.6568988,4.080078000018633,9.65670380003473,True,OpenStreetMap,2026-05-30T20:07:09.399149
OSM_732146616_732123478_0,"Rue 4,158 Bonabérie",Rue secondaire,0.05714382505776804,2,1600,4.0802138,9.6565088,4.080532,9.6561057,4.080367002739949,9.656302306782708,True,OpenStreetMap,2026-05-30T20:07:09.399149
OSM_732147196_732121334_0,Rue de Deido Bassa(N°1.878),Avenue principale,0.061787095319824514,2,3000,4.0556894,9.7318796,4.0553865,9.7323464,4.055535222061828,9.732111202383225,True,OpenStreetMap,2026-05-30T20:07:09.399149
OSM_732147631_732124553_0,Rue de Bonapriso (N°1.041),Rue secondaire,0.04164129298189971,2,1600,4.0394796,9.6852218,4.0391065,9.6852541,4.039293049999956,9.68523795000011,True,OpenStreetMap,2026-05-30T20:07:09.399149
OSM_732147828_732149923_0,rue Ecole Publique Bilingue de Bonaberi,Rue secondaire,0.1680764596976316,2,1600,4.0986435,9.6572211,4.0975513,9.6561735,4.098097921282581,9.656696760820592,True,OpenStreetMap,2026-05-30T20:07:09.399149
OSM_732148115_732131324_0,Avenue King Akwa( N° 1.401),Rue secondaire,0.06121724656531721,2,1600,4.057066,9.7033567,4.056682,9.7029612,4.056874000032847,9.70315894995358,True,OpenStreetMap,2026-05-30T20:07:09.399149
OSM_732148115_732145615_0,Avenue King Akwa( N° 1.401),Rue secondaire,0.1309684749506561,2,1600,4.057066,9.7033567,4.0579231,9.7041666,4.057494550141217,9.703761649784598,True,OpenStreetMap,2026-05-30T20:07:09.399149
OSM_732148203_5832777917_0,Rue Ernest Betote Akwa (N° 1.358),Rue secondaire,0.004158909952742191,2,1600,4.044499,9.7042852,4.0444824,9.7043188,4.0444907000001455,9.704302000000194,True,OpenStreetMap,2026-05-30T20:07:09.399149
OSM_732148203_11836868779_0,Rue Ernest Betote Akwa (N° 1.358),Rue secondaire,0.21159768338026946,2,1600,4.044499,9.7042852,4.045345,9.7025764,4.044922000375928,9.703430800502456,True,OpenStreetMap,2026-05-30T20:07:09.399149
OSM_732149106_732118646_0,Route du Marché Deido,Rue secondaire,0.05797157038333472,2,1600,4.062476,9.7203634,4.0620941,9.7200076,4.062285050027562,9.720185499957672,True,OpenStreetMap,2026-05-30T20:07:09.399149
OSM_732149106_1138223416_0,Rue de Deido Bassa(N°1.878),Avenue principale,0.02480607269779963,2,3000,4.062476,9.7203634,4.062379,9.7205648,4.062427500005251,9.720464100006874,True,OpenStreetMap,2026-05-30T20:07:09.399149
OSM_732149443_4052897779_0,Rue Ernest Betote Akwa (N° 1.358),Rue secondaire,0.013330270069583478,2,1600,4.0469432,9.699337,4.0468896,9.6994445,4.046916400001488,9.699390750002,True,OpenStreetMap,2026-05-30T20:07:09.399149
OSM_732149443_732137258_0,Rue Ernest Betote Akwa (N° 1.358),Rue secondaire,0.3794871399113845,2,1600,4.0469432,9.699337,4.048435,9.69626,4.047682565131345,9.697795325425869,True,OpenStreetMap,2026-05-30T20:07:09.399149
OSM_732149923_732128467_0,Rue Ecole Publique Bilingue de Bonaberi,Rue secondaire,0.059261392757443514,2,1600,4.0975513,9.6561735,4.0971579,9.6565335,4.097351739287701,9.656350318019634,True,OpenStreetMap,2026-05-30T20:07:09.399149
OSM_732149923_732147828_0,rue Ecole Publique Bilingue de Bonaberi,Rue secondaire,0.1680764596976316,2,1600,4.0975513,9.6561735,4.0986435,9.6572211,4.098097921282581,9.656696760820592,True,OpenStreetMap,2026-05-30T20:07:09.399149
OSM_732150042_732127889_0,Avenue King Akwa( N° 1.401),Rue secondaire,0.10024321059960116,2,1600,4.0502918,9.6977165,4.0496016,9.6971351,4.049946700075118,9.697425799873264,True,OpenStreetMap,2026-05-30T20:07:09.399149
OSM_732150042_732138963_0,Avenue King Akwa( N° 1.401),Rue secondaire,0.08480116049481477,2,1600,4.0502918,9.6977165,4.0508912,9.6981892,4.050591500050769,9.697952849909486,True,OpenStreetMap,2026-05-30T20:07:09.399149
OSM_732150055_732118693_0,Rue 4.164 Bonaberie,Rue secondaire,0.03156388785196069,2,1600,4.0797503,9.6597973,4.0796502,9.6600636,4.079700250009743,9.659930450009776,True,OpenStreetMap,2026-05-30T20:07:09.399149
OSM_732150055_732144469_0,Rue 4.164 Bonaberie,Rue secondaire,0.029202588067497887,2,1600,4.0797503,9.6597973,4.0797917,9.6595373,4.079771000010001,9.659667300004985,True,OpenStreetMap,2026-05-30T20:07:09.399149
OSM_732150137_5915095954_0,Route Akwa Nord,Avenue principale,0.056808484190086855,2,3000,4.079042,9.7187199,4.0785715,9.7185203,4.07880675001204,9.718620099966044,True,OpenStreetMap,2026-05-30T20:07:09.399149
OSM_732150137_732122762_0,Route Akwa Nord,Avenue principale,0.20951037850461865,2,3000,4.079042,9.7187199,4.0808041,9.7193879,4.079920265193679,9.719061120580081,True,OpenStreetMap,2026-05-30T20:07:09.399149
OSM_732150303_732134861_0,Rue Ernest Betote Akwa (N° 1.358),Rue secondaire,0.15372121771891792,2,1600,4.0508162,9.6927054,4.0500398,9.6938521,4.05042800015827,9.693278750292253,True,OpenStreetMap,2026-05-30T20:07:09.399149
OSM_732150303_732120766_0,Rue Ernest Betote Akwa (N° 1.358),Rue secondaire,0.20412157205987722,2,1600,4.0508162,9.6927054,4.0518196,9.6911672,4.05130039797497,9.69192422139435,True,OpenStreetMap,2026-05-30T20:07:09.399149
OSM_732150366_732131324_0,Avenue King Akwa( N° 1.401),Rue secondaire,0.06352930423180943,2,1600,4.056278,9.7025562,4.056682,9.7029612,4.056480000034696,9.702758699949758,True,OpenStreetMap,2026-05-30T20:07:09.399149
OSM_732150366_732145572_0,Avenue King Akwa( N° 1.401),Rue secondaire,0.07251741045511072,2,1600,4.056278,9.7025562,4.0557914,9.7021209,4.056034700041441,9.702338549933677,True,OpenStreetMap,2026-05-30T20:07:09.399149
OSM_732150419_2370676634_0,Rue de New Bell,Avenue principale,0.09156750177290805,2,3000,4.0318433,9.6974777,4.0316502,9.69828,4.031742779448912,9.69787796369896,True,OpenStreetMap,2026-05-30T20:07:09.399149
OSM_732150419_732121422_0,Rue de New Bell,Avenue principale,0.1050712656666598,2,3000,4.0318433,9.6974777,4.0320763,9.6965599,4.031954925372269,9.697017565700047,True,OpenStreetMap,2026-05-30T20:07:09.399149
OSM_732150425_732145388_0,"Rue 4,158 Bonabérie",Rue secondaire,0.08665797606806558,2,1600,4.0791258,9.6594222,4.0793187,9.6586652,4.079222250082089,9.65904370005862,True,OpenStreetMap,2026-05-30T20:07:09.399149
OSM_732150425_732139057_0,"Rue 4,158 Bonabérie",Rue secondaire,0.056939285696570384,2,1600,4.0791258,9.6594222,4.079052,9.6599302,4.079088221642761,9.659676102112499,True,OpenStreetMap,2026-05-30T20:07:09.399149
OSM_732151503_732123413_0,Boulevard de la Liberté,Avenue principale,0.06778326148116914,2,3000,4.0586041,9.7012089,4.0581611,9.7007891,4.058382600037877,9.70099899994231,True,OpenStreetMap,2026-05-30T20:07:09.399149
OSM_732151543_732122109_0,Route Deido Bonanjo (N°1.705),Avenue principale,0.0828693642797136,2,3000,4.0675487,9.7104169,4.0680433,9.7109757,4.067797852126956,9.710694668822056,True,OpenStreetMap,2026-05-30T20:07:09.399149
OSM_732151543_732136932_0,Route Deido Bonanjo (N°1.705),Avenue principale,0.07897503950549065,2,3000,4.0675487,9.7104169,4.0670792,9.7098827,4.06731233166734,9.710151214266062,True,OpenStreetMap,2026-05-30T20:07:09.399149
OSM_732151804_5820618736_0,Raccourci vers le Marché New-Deido,Rue secondaire,0.04580599518811102,1,800,4.0591648,9.7164342,4.0589198,9.7161022,4.059042300021725,9.716268199976364,True,OpenStreetMap,2026-05-30T20:07:09.399149
OSM_732151828_732128577_0,Avenue King Akwa( N° 1.401),Rue secondaire,0.07470120689632082,2,1600,4.054855,9.701224,4.0543576,9.7007713,4.05460630004455,9.700997649929729,True,OpenStreetMap,2026-05-30T20:07:09.399149
OSM_732151828_732145572_0,Avenue King Akwa( N° 1.401),Rue secondaire,0.14400735300255416,2,1600,4.054855,9.701224,4.0557914,9.7021209,4.055323200172296,9.70167244974014,True,OpenStreetMap,2026-05-30T20:07:09.399149
OSM_732151975_2197644972_0,Rue Ernest Betote Akwa (N° 1.358),Rue secondaire,0.014867776749671479,2,1600,4.0494276,9.6947259,4.0493638,9.6948437,4.049395700001761,9.694784800002566,True,OpenStreetMap,2026-05-30T20:07:09.399149
OSM_732151975_2197644969_0,Boulevard de la Liberté,Avenue principale,0.044774979848220785,2,3000,4.0494276,9.6947259,4.0490454,9.6946368,4.049238948007918,9.694661044265743,True,OpenStreetMap,2026-05-30T20:07:09.399149
OSM_732152077_2370676684_0,Rue de Bonapriso (N°1.041),Rue secondaire,0.14487191967123245,2,1600,4.0350326,9.6843685,4.0363314,9.6844164,4.035683529790392,9.684371584321589,True,OpenStreetMap,2026-05-30T20:07:09.399149
OSM_732152260_5820741255_0,Route du Marché Deido,Rue secondaire,0.25779798306532975,2,1600,4.0611303,9.7190896,4.0594193,9.7175212,4.06027405329706,9.71830620465361,True,OpenStreetMap,2026-05-30T20:07:09.399149
OSM_732152277_4510467495_0,Rue de New Bell,Avenue principale,0.3625661604853422,2,3000,4.0345948,9.7031974,4.0363797,9.7059121,4.035541799867914,9.70452263787373,True,OpenStreetMap,2026-05-30T20:07:09.399149
OSM_732152277_5795796609_0,Rue de New Bell,Avenue principale,0.1800650785109824,2,3000,4.0345948,9.7031974,4.0335715,9.7019393,4.03408193014238,9.702569327964788,True,OpenStreetMap,2026-05-30T20:07:09.399149
OSM_732152596_732120024_0,Route Deido Bonanjo (N°1.705),Avenue principale,0.10514617527754681,2,3000,4.0708364,9.7142345,4.070233,9.7135046,4.070534700107965,9.713869549868807,True,OpenStreetMap,2026-05-30T20:07:09.399149
OSM_732152596_732142580_0,Route Deido Bonanjo (N°1.705),Avenue principale,0.34222111195865873,2,3000,4.0708364,9.7142345,4.0730422,9.7163852,4.071942109226916,9.715307397211689,True,OpenStreetMap,2026-05-30T20:07:09.399149
OSM_732153312_732128577_0,Avenue King Akwa( N° 1.401),Rue secondaire,0.13104106567202334,2,1600,4.0534202,9.7000553,4.0543576,9.7007713,4.0538889001179665,9.700413299784213,True,OpenStreetMap,2026-05-30T20:07:09.399149
OSM_732153312_732136410_0,Avenue King Akwa( N° 1.401),Rue secondaire,0.11427772366268166,2,1600,4.0534202,9.7000553,4.0525848,9.6994552,4.053002500084671,9.699755249837155,True,OpenStreetMap,2026-05-30T20:07:09.399149
OSM_732153339_732144469_0,Rue 4.164 Bonaberie,Rue secondaire,0.045774575270284286,2,1600,4.07988,9.6591342,4.0797917,9.6595373,4.079835850023564,9.659335750014897,True,OpenStreetMap,2026-05-30T20:07:09.399149
OSM_732153339_732132646_0,Rue 4.164 Bonaberie,Rue secondaire,0.04821139198941136,2,1600,4.07988,9.6591342,4.0799932,9.6587146,4.079936600025099,9.658924400018792,True,OpenStreetMap,2026-05-30T20:07:09.399149
OSM_732153944_5917468414_0,Boulevard de la Liberté,Voie rapide,0.029716974145684232,2,4000,4.064068,9.7066615,4.0638322,9.7065354,4.063950100004242,9.706598449989785,True,OpenStreetMap,2026-05-30T20:07:09.399149
OSM_732153944_6474188151_0,Rond-Point de Deido,Voie rapide,0.018049645724646058,2,4000,4.064068,9.7066615,4.0639628,9.7067822,4.064009628926297,9.706716861893147,True,OpenStreetMap,2026-05-30T20:07:09.399149
OSM_734869664_732127373_0,Rond-Point de Deido,Voie rapide,0.007432439895198156,2,4000,4.0643881,9.706712,4.0643376,9.7066681,4.064362850000428,9.7066900499993,True,OpenStreetMap,2026-05-30T20:07:09.399149
OSM_734869667_2370676732_0,Rond-Point de Deido,Voie rapide,0.020801221982843666,2,4000,4.0639541,9.7069572,4.0640676,9.7071013,4.064002479138625,9.707035795210397,True,OpenStreetMap,2026-05-30T20:07:09.399149
OSM_1138223416_1138223504_0,Rue de Deido Bassa(N°1.878),Avenue principale,0.013145510677373221,2,3000,4.062379,9.7205648,4.0623115,9.7206621,4.0623452500011235,9.72061345000216,True,OpenStreetMap,2026-05-30T20:07:09.399149
OSM_1138223504_4402519342_0,Rue de Deido Bassa(N°1.878),Avenue principale,0.04509586349431151,2,3000,4.0623115,9.7206621,4.0621115,9.7210158,4.062211500015652,9.720838950024127,True,OpenStreetMap,2026-05-30T20:07:09.399149
OSM_1836919930_732124701_1,Rue Bonanjo Joss (N°1.093),Rue secondaire,0.3136094619285533,2,1600,4.0451756,9.6894399,4.0449716,9.6887597,4.044419662883315,9.68926578194277,True,OpenStreetMap,2026-05-30T20:07:09.399149
OSM_1836945433_734869646_0,Boulevard de la Liberté,Voie rapide,0.027201115978763377,2,4000,4.060929,9.70358,4.0608376,9.7033529,4.060880834216336,9.703467434382341,True,OpenStreetMap,2026-05-30T20:07:09.399149
OSM_1836945433_11303785522_0,Boulevard de la Liberté,Voie rapide,0.15103954032832884,2,4000,4.060929,9.70358,4.0618864,9.7045458,4.061408462007232,9.704062100168509,True,OpenStreetMap,2026-05-30T20:07:09.399149
OSM_1836945477_1836945433_0,Boulevard de la Liberté,Voie rapide,0.025113849454755716,2,4000,4.0607296,9.7034797,4.060929,9.70358,4.06083356711419,9.703521178478152,True,OpenStreetMap,2026-05-30T20:07:09.399149
OSM_2197644969_732121463_0,Boulevard de la Liberté,Avenue principale,0.11423314401587693,2,3000,4.0490454,9.6946368,4.0480886,9.6942618,4.048567000043566,9.694449299869593,True,OpenStreetMap,2026-05-30T20:07:09.399149
OSM_2197644969_2197644972_0,Boulevard de la Liberté,Avenue principale,0.04370795283122166,2,3000,4.0490454,9.6946368,4.0493638,9.6948437,4.0491894794358565,9.694757834821878,True,OpenStreetMap,2026-05-30T20:07:09.399149
OSM_2197644972_5838256707_0,Rue Ernest Betote Akwa (N° 1.358),Rue secondaire,0.007965514759961833,2,1600,4.0493638,9.6948437,4.0493518,9.6949145,4.049357800000731,9.694879100000389,True,OpenStreetMap,2026-05-30T20:07:09.399149
OSM_2197644972_5838256708_0,Boulevard de la Liberté,Avenue principale,0.0066315783086076,2,3000,4.0493638,9.6948437,4.0494166,9.6948715,4.049390200000207,9.694857599999498,True,OpenStreetMap,2026-05-30T20:07:09.399149
OSM_2197644979_2197644991_0,Boulevard de la Liberté,Avenue principale,0.11320766322757826,2,3000,4.0508253,9.6955883,4.0516002,9.6962503,4.051212750096913,9.695919299838332,True,OpenStreetMap,2026-05-30T20:07:09.399149
OSM_2197644991_2197645011_0,Boulevard de la Liberté,Avenue principale,0.13982796793820673,2,3000,4.0516002,9.6962503,4.052548,9.6970788,4.052074100150765,9.696664549753429,True,OpenStreetMap,2026-05-30T20:07:09.399149
OSM_2197645011_2197645029_0,Boulevard de la Liberté,Avenue principale,0.11167934071565151,2,3000,4.052548,9.6970788,4.0533219,9.6977205,4.0529335547702585,9.69740132992655,True,OpenStreetMap,2026-05-30T20:07:09.399149
OSM_2197645029_2197645041_0,Boulevard de la Liberté,Avenue principale,0.1125350588572843,2,3000,4.0533219,9.6977205,4.0541947,9.6982341,4.053758300067062,9.697977299849198,True,OpenStreetMap,2026-05-30T20:07:09.399149
OSM_2197645041_2197645055_0,Boulevard de la Liberté,Avenue principale,0.21652253946415845,2,3000,4.0541947,9.6982341,4.0558723,9.6992252,4.0550335824828565,9.698729511427604,True,OpenStreetMap,2026-05-30T20:07:09.399149
OSM_2197645055_2197645056_0,Boulevard de la Liberté,Avenue principale,0.08498596876557221,2,3000,4.0558723,9.6992252,4.0565324,9.6996114,4.05620277156863,9.699417588145748,True,OpenStreetMap,2026-05-30T20:07:09.399149
OSM_2197645056_2197645059_0,Boulevard de la Liberté,Avenue principale,0.11741347529416904,2,3000,4.0565324,9.6996114,4.0574027,9.7002009,4.0569845216684515,9.69988135102269,True,OpenStreetMap,2026-05-30T20:07:09.399149
OSM_2197645059_2197645060_0,Boulevard de la Liberté,Avenue principale,0.10511901238686394,2,3000,4.0574027,9.7002009,4.0580903,9.7008513,4.057746279322852,9.700526330742615,True,OpenStreetMap,2026-05-30T20:07:09.399149
OSM_2197645060_2197645061_0,Boulevard de la Liberté,Avenue principale,0.06805403698631196,2,3000,4.0580903,9.7008513,4.0585297,9.7012784,4.058310000038918,9.701064849942039,True,OpenStreetMap,2026-05-30T20:07:09.399149
OSM_2197645061_2197645064_0,Boulevard de la Liberté,Avenue principale,0.07942520553803839,2,3000,4.0585297,9.7012784,4.0590447,9.7017746,4.0587872000526755,9.701526499920945,True,OpenStreetMap,2026-05-30T20:07:09.399149
OSM_2197645064_2197645065_0,Boulevard de la Liberté,Avenue principale,0.035789513788147403,2,3000,4.0590447,9.7017746,4.0592616,9.702013,4.059153150011729,9.701893799984367,True,OpenStreetMap,2026-05-30T20:07:09.399149
OSM_2197645065_734869650_0,Boulevard de la Liberté,Avenue principale,0.17369047980324517,2,3000,4.0592616,9.702013,4.0603545,9.7031312,4.059812297166587,9.702568207641088,True,OpenStreetMap,2026-05-30T20:07:09.399149
OSM_2370676634_732122419_0,Rue de New Bell,Avenue principale,0.05207396648914718,2,3000,4.0316502,9.69828,4.0316286,9.6987483,4.0316331390407285,9.698513862967987,True,OpenStreetMap,2026-05-30T20:07:09.399149
OSM_2370676634_732150419_0,Rue de New Bell,Avenue principale,0.09156750177290805,2,3000,4.0316502,9.69828,4.0318433,9.6974777,4.031742779448912,9.69787796369896,True,OpenStreetMap,2026-05-30T20:07:09.399149
OSM_2370676643_732135768_0,Rue de New Bell,Avenue principale,0.0203502603684797,2,3000,4.0325142,9.6950778,4.0324679,9.6952553,4.032491050004427,9.695166550003291,True,OpenStreetMap,2026-05-30T20:07:09.399149
OSM_2370676643_732124461_0,Rue de New Bell,Avenue principale,0.2801542784629516,2,3000,4.0325142,9.6950778,4.0334039,9.6927148,4.032961220666525,9.69389711111152,True,OpenStreetMap,2026-05-30T20:07:09.399149
OSM_2370676658_732124461_0,Rue de New Bell,Avenue principale,0.10921805834104376,2,3000,4.0337798,9.6918055,4.0334039,9.6927148,4.033586090448144,9.692257717460564,True,OpenStreetMap,2026-05-30T20:07:09.399149
OSM_2370676684_732152077_0,Rue de Bonapriso (N°1.041),Rue secondaire,0.14487191967123245,2,1600,4.0363314,9.6844164,4.0350326,9.6843685,4.035683529790392,9.684371584321589,True,OpenStreetMap,2026-05-30T20:07:09.399149
OSM_2370676684_732135643_0,Rue de Bonapriso (N°1.041),Rue secondaire,0.19333595109707508,2,1600,4.0363314,9.6844164,4.0379804,9.6849686,4.037157135379479,9.684688713431274,True,OpenStreetMap,2026-05-30T20:07:09.399149
OSM_2370676732_732134357_0,Rond-Point de Deido,Voie rapide,0.02654703865017982,2,4000,4.0640676,9.7071013,4.0642981,9.7071163,4.064181767434518,9.70712516511881,True,OpenStreetMap,2026-05-30T20:07:09.399149
OSM_2381260510_732137070_0,Rue de Deido Bassa(N°1.878),Avenue principale,0.10399817823509729,2,3000,4.0506118,9.7386302,4.0499206,9.7392612,4.050263319963503,9.738942455513726,True,OpenStreetMap,2026-05-30T20:07:09.399149
OSM_2381260517_5815859746_0,Rue de Deido Bassa(N°1.878),Avenue principale,0.048081369522746865,2,3000,4.0514068,9.7380561,4.0510494,9.7383001,4.0512282316032815,9.738178290890495,True,OpenStreetMap,2026-05-30T20:07:09.399149
OSM_3074979783_5784868745_0,Rue 4.177 Grand Hangar Bonaberi,Rue secondaire,0.034499557338231825,2,1600,4.0803772,9.6579834,4.0801103,9.6578248,4.080243750006265,9.65790409998577,True,OpenStreetMap,2026-05-30T20:07:09.399149
OSM_3074979783_732132646_0,Rue 4.162 Bonaberie,Rue secondaire,0.09357722976031713,2,1600,4.0803772,9.6579834,4.0799932,9.6587146,4.0801451960121575,9.658331243606805,True,OpenStreetMap,2026-05-30T20:07:09.399149
OSM_3074979783_732141974_0,Rue 4.177 Grand Hangar Bonaberi,Rue secondaire,0.10434347251122077,2,1600,4.0803772,9.6579834,4.0805878,9.6588175,4.080566842463355,9.658363773766421,True,OpenStreetMap,2026-05-30T20:07:09.399149
OSM_4052897779_732120796_0,Rue Ernest Betote Akwa (N° 1.358),Rue secondaire,0.1279808745350084,2,1600,4.0468896,9.6994445,4.0463642,9.7004711,4.046626900135004,9.699957800186242,True,OpenStreetMap,2026-05-30T20:07:09.399149
OSM_4052897779_732149443_0,Rue Ernest Betote Akwa (N° 1.358),Rue secondaire,0.013330270069583478,2,1600,4.0468896,9.6994445,4.0469432,9.699337,4.046916400001488,9.699390750002,True,OpenStreetMap,2026-05-30T20:07:09.399149
OSM_4402519342_5815859967_0,Rue de Deido Bassa(N°1.878),Avenue principale,0.053991299447467306,2,3000,4.0621115,9.7210158,4.0618714,9.7214389,4.061991431184622,9.721227339441613,True,OpenStreetMap,2026-05-30T20:07:09.399149
OSM_4416224628_4510856621_0,Rue de Deido Bassa(N°1.878),Avenue principale,0.1138927332403756,2,3000,4.0497152,9.7394775,4.0489875,9.7402,4.049349201747876,9.739836620140125,True,OpenStreetMap,2026-05-30T20:07:09.399149
OSM_4420372083_5815641856_0,Route Cimitière Ndokoti,Rue secondaire,0.0333747762249982,2,1600,4.0460842,9.7367678,4.0457845,9.7367842,4.0459343500000395,9.736775999999013,True,OpenStreetMap,2026-05-30T20:07:09.399149
OSM_4420372083_5815641857_0,Route Cimitière Ndokoti,Rue secondaire,0.007690910910590122,2,1600,4.0460842,9.7367678,4.0461532,9.736763,4.0461187,9.736765399999971,True,OpenStreetMap,2026-05-30T20:07:09.399149
OSM_4443408474_732128797_0,Rue 4.515 bonaberi,Rue secondaire,0.32649118276196465,2,1600,4.0957608,9.6559721,4.0979013,9.6579861,4.096836177277344,9.656973715929105,True,OpenStreetMap,2026-05-30T20:07:09.399149
OSM_4510467495_732152277_0,Rue de New Bell,Avenue principale,0.3625661604853423,2,3000,4.0363797,9.7059121,4.0345948,9.7031974,4.035541799867914,9.70452263787373,True,OpenStreetMap,2026-05-30T20:07:09.399149
OSM_4510856621_732134229_0,Rue de Deido Bassa(N°1.878),Avenue principale,0.031310519506061944,2,3000,4.0489875,9.7402,4.0487904,9.7404016,4.048888950004163,9.740300800012252,True,OpenStreetMap,2026-05-30T20:07:09.399149
OSM_4511233015_732128140_0,Rue de Deido Bassa(N°1.878),Avenue principale,0.21219098708410164,2,3000,4.0646153,9.7146944,4.0640047,9.716505,4.064291792774227,9.715593098043596,True,OpenStreetMap,2026-05-30T20:07:09.399149
OSM_4519702672_732139557_0,Boulevard de la Liberté,Avenue principale,0.1107041586125624,2,3000,4.0542559,9.6981427,4.0534101,9.6976165,4.053832926039793,9.69787983445199,True,OpenStreetMap,2026-05-30T20:07:09.399149
OSM_4524773838_5832777917_0,Rue Ernest Betote Akwa (N° 1.358),Rue secondaire,0.19406962531636254,2,1600,4.0437202,9.7058927,4.0444824,9.7043188,4.044097274720954,9.705103827222151,True,OpenStreetMap,2026-05-30T20:07:09.399149
OSM_5339184395_5818023127_0,Ancienne Route du Pont du Wouri,Rue secondaire,1.719390458049993,2,1600,4.0709483,9.6891114,4.0685687,9.7030327,4.071434856210292,9.696362126407573,True,OpenStreetMap,2026-05-30T20:07:09.399149
OSM_5339184403_5745440187_0,Pont Routier du Wouri vers Deido,Voie rapide,2.2814715692893484,3,6000,4.0696679,9.6853712,4.0672183,9.7037172,4.070711271194256,9.695023747128099,True,OpenStreetMap,2026-05-30T20:07:09.399149
OSM_5745440186_5339184402_0,Pont sur le Wouri vers Bonaberi,Voie rapide,2.2918344993206574,3,6000,4.0673012,9.7038031,4.069942,9.6853764,4.070835752715689,9.695075256155983,True,OpenStreetMap,2026-05-30T20:07:09.399149
OSM_5766124081_732139511_0,Rue 4.177 Grand Hangar Bonaberi,Rue secondaire,0.08684661580943333,2,1600,4.0763536,9.6556078,4.0771061,9.6557977,4.076735546235181,9.655679355376009,True,OpenStreetMap,2026-05-30T20:07:09.399149
OSM_5784868745_5784868989_0,Rue 4.177 Grand Hangar Bonaberi,Rue secondaire,0.06375807114710681,2,1600,4.0801103,9.6578248,4.0796239,9.6575204,4.079867100022603,9.657672599950658,True,OpenStreetMap,2026-05-30T20:07:09.399149
OSM_5784868745_3074979783_0,Rue 4.177 Grand Hangar Bonaberi,Rue secondaire,0.034499557338231825,2,1600,4.0801103,9.6578248,4.0803772,9.6579834,4.080243750006265,9.65790409998577,True,OpenStreetMap,2026-05-30T20:07:09.399149
OSM_5784868989_732135118_0,Rue 4.177 Grand Hangar Bonaberi,Rue secondaire,0.011324076934195423,2,1600,4.0796239,9.6575204,4.0795381,9.6574654,4.079581000000731,9.657492899998434,True,OpenStreetMap,2026-05-30T20:07:09.399149
OSM_5784868989_5784868745_0,Rue 4.177 Grand Hangar Bonaberi,Rue secondaire,0.06375807114710681,2,1600,4.0796239,9.6575204,4.0801103,9.6578248,4.079867100022603,9.657672599950658,True,OpenStreetMap,2026-05-30T20:07:09.399149
OSM_5784868989_732134145_0,"Rue 4,158 Bonabérie",Rue secondaire,0.057205071046031314,2,1600,4.0796239,9.6575204,4.0794339,9.6579997,4.0795289245553805,9.657760059678083,True,OpenStreetMap,2026-05-30T20:07:09.399149
OSM_5790164703_5795796609_0,Rue de New Bell,Avenue principale,0.06408415872807233,2,3000,4.0332043,9.701494,4.0335715,9.7019393,4.033387900039726,9.701716649951749,True,OpenStreetMap,2026-05-30T20:07:09.399149
OSM_5790164703_732119265_0,Rue de New Bell,Avenue principale,0.2083662259832599,2,3000,4.0332043,9.701494,4.0320145,9.7000428,4.032607488006618,9.70076992362453,True,OpenStreetMap,2026-05-30T20:07:09.399149
OSM_5795796557_732121422_0,Rue de New Bell,Avenue principale,0.04950525852963231,2,3000,4.0322052,9.6961327,4.0320763,9.6965599,4.032140750025244,9.696346300021236,True,OpenStreetMap,2026-05-30T20:07:09.399149
OSM_5795796557_732140880_0,Rue de New Bell,Avenue principale,0.04108907463690938,2,3000,4.0322052,9.6961327,4.0323188,9.6957802,4.032262000017058,9.695956450015194,True,OpenStreetMap,2026-05-30T20:07:09.399149
OSM_5795796609_5790164703_0,Rue de New Bell,Avenue principale,0.06408415872807233,2,3000,4.0335715,9.7019393,4.0332043,9.701494,4.033387900039726,9.701716649951749,True,OpenStreetMap,2026-05-30T20:07:09.399149
OSM_5795796609_732152277_0,Rue de New Bell,Avenue principale,0.18006507851098244,2,3000,4.0335715,9.7019393,4.0345948,9.7031974,4.0340819301423805,9.70256932796479,True,OpenStreetMap,2026-05-30T20:07:09.399149
OSM_5799337548_732131839_0,Route Akwa Nord,Avenue principale,0.08572416319689492,2,3000,4.0744227,9.7170529,4.0751628,9.7172693,4.074792750017741,9.717161099936964,True,OpenStreetMap,2026-05-30T20:07:09.399149
OSM_5799337548_5812916712_0,Route Akwa Nord,Avenue principale,0.06958690875480528,2,3000,4.0744227,9.7170529,4.0738257,9.7168652,4.074123505081026,9.71696106309317,True,OpenStreetMap,2026-05-30T20:07:09.399149
OSM_5799337559_732118537_0,Route Akwa Nord,Avenue principale,0.010843040418917175,2,3000,4.0769972,9.7178091,4.0769057,9.7177753,4.076951450000373,9.717792199998847,True,OpenStreetMap,2026-05-30T20:07:09.399149
OSM_5799337559_732119890_0,Route Akwa Nord,Avenue principale,0.1206067590405724,2,3000,4.0769972,9.7178091,4.0779861,9.7182533,4.077496732611919,9.718019728477927,True,OpenStreetMap,2026-05-30T20:07:09.399149
OSM_5802864324_732142580_0,Route Akwa Nord,Avenue principale,0.010587121074266754,2,3000,4.0731151,9.7164466,4.0730422,9.7163852,4.073078650000847,9.716415899998577,True,OpenStreetMap,2026-05-30T20:07:09.399149
OSM_5802864324_5812916712_0,Route Akwa Nord,Avenue principale,0.09214567126966802,2,3000,4.0731151,9.7164466,4.0738257,9.7168652,4.073458322699015,9.716676677727465,True,OpenStreetMap,2026-05-30T20:07:09.399149
OSM_5812916712_5799337548_0,Route Akwa Nord,Avenue principale,0.06958690875480528,2,3000,4.0738257,9.7168652,4.0744227,9.7170529,4.074123505081026,9.71696106309317,True,OpenStreetMap,2026-05-30T20:07:09.399149
OSM_5812916712_5802864324_0,Route Akwa Nord,Avenue principale,0.09214567126966804,2,3000,4.0738257,9.7168652,4.0731151,9.7164466,4.073458322699015,9.716676677727465,True,OpenStreetMap,2026-05-30T20:07:09.399149
OSM_5815641856_732131376_0,Route Cimitière Ndokoti,Rue secondaire,0.05023547130679885,2,1600,4.0457845,9.7367842,4.0453334,9.736809,4.045558950000088,9.736796599997776,True,OpenStreetMap,2026-05-30T20:07:09.399149
OSM_5815641856_4420372083_0,Route Cimitière Ndokoti,Rue secondaire,0.0333747762249982,2,1600,4.0457845,9.7367842,4.0460842,9.7367678,4.0459343500000395,9.736775999999013,True,OpenStreetMap,2026-05-30T20:07:09.399149
OSM_5815641857_4420372083_0,Route Cimitière Ndokoti,Rue secondaire,0.007690910910590122,2,1600,4.0461532,9.736763,4.0460842,9.7367678,4.0461187,9.736765399999971,True,OpenStreetMap,2026-05-30T20:07:09.399149
OSM_5815641857_732144409_0,Route Cimitière Ndokoti,Rue secondaire,0.4432112087428009,2,1600,4.0461532,9.736763,4.044886,9.7386389,4.046215965881986,9.738026671684013,True,OpenStreetMap,2026-05-30T20:07:09.399149
OSM_5815859746_2381260510_0,Rue de Deido Bassa(N°1.878),Avenue principale,0.06089690938687665,2,3000,4.0510494,9.7383001,4.0506118,9.7386302,4.050831159023253,9.738465884842702,True,OpenStreetMap,2026-05-30T20:07:09.399149
OSM_5815859960_9969801928_0,Rue de Deido Bassa(N°1.878),Avenue principale,0.03832489803720454,2,3000,4.0580858,9.7281481,4.0579122,9.7284466,4.057999000011029,9.72829735001758,True,OpenStreetMap,2026-05-30T20:07:09.399149
OSM_5815859961_5815859988_0,Rue de Deido Bassa(N°1.878),Avenue principale,0.08153628915293988,2,3000,4.0581432,9.7281756,4.0584977,9.7275321,4.058320450051931,9.727853850078196,True,OpenStreetMap,2026-05-30T20:07:09.399149
OSM_5815859964_5818159522_0,Rue de Deido Bassa(N°1.878),Avenue principale,0.10801980072294018,2,3000,4.0593819,9.7260369,4.0598488,9.7251829,4.059616193267638,9.725610368642888,True,OpenStreetMap,2026-05-30T20:07:09.399149
OSM_5815859967_732140608_0,Rue de Deido Bassa(N°1.878),Avenue principale,0.09817259037964676,2,3000,4.0618714,9.7214389,4.0614376,9.7222098,4.061654488778777,9.721824343816289,True,OpenStreetMap,2026-05-30T20:07:09.399149
OSM_5815859968_5815859982_0,Rue de Deido Bassa(N°1.878),Avenue principale,0.10095621202162341,2,3000,4.0619213,9.7214671,4.0623844,9.7206842,4.062152850075853,9.721075650122627,True,OpenStreetMap,2026-05-30T20:07:09.399149
OSM_5815859970_5815859980_0,Rue de Deido Bassa(N°1.878),Avenue principale,0.04393233048717785,2,3000,4.0630178,9.7195316,4.0632135,9.7191876,4.063117287014005,9.71936052903454,True,OpenStreetMap,2026-05-30T20:07:09.399149
OSM_5815859976_4511233012_0,Rue de Deido Bassa(N°1.878),Avenue principale,0.20830463690031767,2,3000,4.0640703,9.7165226,4.0646848,9.714755,4.064343896046757,9.715625437762037,True,OpenStreetMap,2026-05-30T20:07:09.399149
OSM_5815859977_5815859976_0,Rue de Deido Bassa(N°1.878),Avenue principale,0.1342734234280839,2,3000,4.0637442,9.7176882,4.0640703,9.7165226,4.063907903508402,9.717105578842665,True,OpenStreetMap,2026-05-30T20:07:09.399149
OSM_5815859979_5815859977_0,Rue de Deido Bassa(N°1.878),Avenue principale,0.11786916252601963,2,3000,4.0634442,9.7187074,4.0637442,9.7176882,4.063595927132058,9.718198303943229,True,OpenStreetMap,2026-05-30T20:07:09.399149
OSM_5815859980_5815859979_0,Rue de Deido Bassa(N°1.878),Avenue principale,0.059152060622055073,2,3000,4.0632135,9.7191876,4.0634442,9.7187074,4.063333199398754,9.718949574359149,True,OpenStreetMap,2026-05-30T20:07:09.399149
OSM_5815859981_5815859970_0,Rue de Deido Bassa(N°1.878),Avenue principale,0.11024211137817887,2,3000,4.0625265,9.7203949,4.0630178,9.7195316,4.062772877680568,9.719963660300477,True,OpenStreetMap,2026-05-30T20:07:09.399149
OSM_5815859982_5942387114_0,Rue de Deido Bassa(N°1.878),Avenue principale,0.01248696927718528,2,3000,4.0623844,9.7206842,4.0624386,9.7205856,4.0624115000012235,9.720634900001834,True,OpenStreetMap,2026-05-30T20:07:09.399149
OSM_5815859983_5815859968_0,Rue de Deido Bassa(N°1.878),Avenue principale,0.09813800659159436,2,3000,4.0614962,9.7222425,4.0619213,9.7214671,4.061708750075715,9.721854800113086,True,OpenStreetMap,2026-05-30T20:07:09.399149
OSM_5815859987_5815859964_0,Rue de Deido Bassa(N°1.878),Avenue principale,0.08537240065170228,2,3000,4.0589857,9.7266962,4.0593819,9.7260369,4.059183800053427,9.726366550088088,True,OpenStreetMap,2026-05-30T20:07:09.399149
OSM_5815859988_5817815171_0,Rue de Deido Bassa(N°1.878),Avenue principale,0.03490408777578242,2,3000,4.0584977,9.7275321,4.0586503,9.7272571,4.058574000009471,9.727394600014366,True,OpenStreetMap,2026-05-30T20:07:09.399149
OSM_5815860023_732149106_0,Rue de Deido Bassa(N°1.878),Avenue principale,0.1841616092047682,2,3000,4.0632874,9.718916,4.062476,9.7203634,4.062884555654944,9.719641278339722,True,OpenStreetMap,2026-05-30T20:07:09.399149
OSM_5817815171_5817815172_0,Rue de Deido Bassa(N°1.878),Avenue principale,0.012391138356475028,2,3000,4.0586503,9.7272571,4.0587047,9.7271596,4.058677500001187,9.727208350001813,True,OpenStreetMap,2026-05-30T20:07:09.399149
OSM_5817815172_5815859987_0,Rue de Deido Bassa(N°1.878),Avenue principale,0.06015075686904289,2,3000,4.0587047,9.7271596,4.0589857,9.7266962,4.058845200026325,9.726927900043837,True,OpenStreetMap,2026-05-30T20:07:09.399149
OSM_5817815173_732131384_0,Rue de Deido Bassa(N°1.878),Avenue principale,0.053692159123717914,2,3000,4.0586087,9.7272218,4.0583745,9.7276451,4.058492616276537,9.72743401120618,True,OpenStreetMap,2026-05-30T20:07:09.399149
OSM_5817815174_5817815173_0,Rue de Deido Bassa(N°1.878),Avenue principale,0.012410818198347853,2,3000,4.0586661,9.7271259,4.0586087,9.7272218,4.05863809863097,9.727174274850341,True,OpenStreetMap,2026-05-30T20:07:09.399149
OSM_5818023127_5339184395_0,Ancienne Route du Pont du Wouri,Rue secondaire,1.719390458049993,2,1600,4.0685687,9.7030327,4.0709483,9.6891114,4.071434856210289,9.696362126407573,True,OpenStreetMap,2026-05-30T20:07:09.399149
OSM_5818159522_5818159523_0,Rue de Deido Bassa(N°1.878),Avenue principale,0.010135036225033157,2,3000,4.0598488,9.7251829,4.0598932,9.7251031,4.059870908614467,9.725142949834101,True,OpenStreetMap,2026-05-30T20:07:09.399149
OSM_5818159523_5815859983_0,Rue de Deido Bassa(N°1.878),Avenue principale,0.3639260473909338,2,3000,4.0598932,9.7251031,4.0614962,9.7222425,4.06069533139234,9.72367315136712,True,OpenStreetMap,2026-05-30T20:07:09.399149
OSM_5818159525_732137861_0,Rue de Deido Bassa(N°1.878),Avenue principale,0.11042753284387251,2,3000,4.0597863,9.7251244,4.059325,9.726006,4.059556316304542,9.725565568659025,True,OpenStreetMap,2026-05-30T20:07:09.399149
OSM_5818159526_5818159525_0,Rue de Deido Bassa(N°1.878),Avenue principale,0.01006443274472878,2,3000,4.0598308,9.7250454,4.0597863,9.7251244,4.059808224010103,9.725084719736245,True,OpenStreetMap,2026-05-30T20:07:09.399149
OSM_5820618736_732135940_0,Raccourci vers le Marché New-Deido,Rue secondaire,0.03307342730528273,1,800,4.0589198,9.7161022,4.058738,9.7158662,4.058828900011083,9.715984199987428,True,OpenStreetMap,2026-05-30T20:07:09.399149
OSM_5820697780_732136932_0,Route Deido Bonanjo (N°1.705),Avenue principale,0.016534420884437167,2,3000,4.0669795,9.7097721,4.0670792,9.7098827,4.067029350002529,9.709827399996664,True,OpenStreetMap,2026-05-30T20:07:09.399149
OSM_5820697780_732145911_0,Route Deido Bonanjo (N°1.705),Avenue principale,0.08539035723890272,2,3000,4.0669795,9.7097721,4.0664738,9.7091928,4.066725043581967,9.709483856234169,True,OpenStreetMap,2026-05-30T20:07:09.399149
OSM_5820741255_7019216573_0,Route du Marché Deido,Rue secondaire,0.004313980517480707,2,1600,4.0594193,9.7175212,4.0593951,9.7174908,4.0594072000001855,9.717505999999783,True,OpenStreetMap,2026-05-30T20:07:09.399149
OSM_5822587554_5815860023_0,Rue de Deido Bassa(N°1.878),Avenue principale,0.09427244533891618,2,3000,4.0635626,9.7181151,4.0632874,9.718916,4.063442385004699,9.71852183276729,True,OpenStreetMap,2026-05-30T20:07:09.399149
OSM_5822587575_732137682_0,Raccourci vers le Marché New-Deido,Rue secondaire,0.035184625548984425,1,800,4.0597628,9.7171921,4.0595612,9.7169476,4.059662000012095,9.717069849985368,True,OpenStreetMap,2026-05-30T20:07:09.399149
OSM_5822866585_732137090_0,Grand raccourci vers le marche New-Deido,Rue secondaire,0.0812482125172479,1,800,4.0617139,9.7180135,4.0611713,9.7175229,4.061442600052832,9.71776819991666,True,OpenStreetMap,2026-05-30T20:07:09.399149
OSM_5823485673_732120529_0,Avenue King Akwa( N° 1.401),Rue secondaire,0.16899676429725935,2,1600,4.0472922,9.6957146,4.0459125,9.6950756,4.046602350115734,9.69539509969039,True,OpenStreetMap,2026-05-30T20:07:09.399149
OSM_5823485673_732137913_0,Avenue King Akwa( N° 1.401),Rue secondaire,0.0106032770959921,2,1600,4.0472922,9.6957146,4.0473789,9.6957544,4.047335550000451,9.695734499998785,True,OpenStreetMap,2026-05-30T20:07:09.399149
OSM_5823485674_732121463_0,Boulevard de la Liberté,Avenue principale,0.010616939445900213,2,3000,4.0480036,9.6942182,4.0480886,9.6942618,4.048046100000514,9.694239999998723,True,OpenStreetMap,2026-05-30T20:07:09.399149
OSM_5829493968_5829493971_0,Route du Marché Deido,Rue secondaire,0.030556145801909226,2,1600,4.0587197,9.7165903,4.0585551,9.7163697,4.058637400009616,9.716479999989426,True,OpenStreetMap,2026-05-30T20:07:09.399149
OSM_5829493971_5829493973_0,Route du Marché Deido,Rue secondaire,0.027263403798900493,2,1600,4.0585551,9.7163697,4.0584082,9.7161729,4.058481650007652,9.71627129999158,True,OpenStreetMap,2026-05-30T20:07:09.399149
OSM_5829493973_732149616_0,Route du Marché Deido,Rue secondaire,0.05737549794890343,2,1600,4.0584082,9.7161729,4.0580991,9.7157587,4.058253650033889,9.71596579996272,True,OpenStreetMap,2026-05-30T20:07:09.399149
OSM_5832777917_732148203_0,Rue Ernest Betote Akwa (N° 1.358),Rue secondaire,0.004158909952742191,2,1600,4.0444824,9.7043188,4.044499,9.7042852,4.0444907000001455,9.704302000000194,True,OpenStreetMap,2026-05-30T20:07:09.399149
OSM_5832777917_4524773838_0,Rue Ernest Betote Akwa (N° 1.358),Rue secondaire,0.19406962531636254,2,1600,4.0444824,9.7043188,4.0437202,9.7058927,4.044097274720954,9.705103827222151,True,OpenStreetMap,2026-05-30T20:07:09.399149
OSM_5838256707_5838256708_0,Rue Ernest Betote Akwa (N° 1.358),Rue secondaire,0.008640952478748009,2,1600,4.0493518,9.6949145,4.0494166,9.6948715,4.04938420000015,9.694893000000794,True,OpenStreetMap,2026-05-30T20:07:09.399149
OSM_5838256707_732137258_0,Rue Ernest Betote Akwa (N° 1.358),Rue secondaire,0.18073449936653285,2,1600,4.0493518,9.6949145,4.048435,9.69626,4.0488933849850905,9.695587240110507,True,OpenStreetMap,2026-05-30T20:07:09.399149
OSM_5838256708_5838256709_0,Rue Ernest Betote Akwa (N° 1.358),Rue secondaire,0.014768572321893155,2,1600,4.0494166,9.6948715,4.04948,9.6947545,4.049448300001736,9.694813000002535,True,OpenStreetMap,2026-05-30T20:07:09.399149
OSM_5838256708_2197644979_0,Boulevard de la Liberté,Avenue principale,0.17581234990262606,2,3000,4.0494166,9.6948715,4.0508253,9.6955883,4.050125034152642,9.69522324527453,True,OpenStreetMap,2026-05-30T20:07:09.399149
OSM_5838256709_5838256710_0,Rue Ernest Betote Akwa (N° 1.358),Rue secondaire,0.008389205509029208,2,1600,4.04948,9.6947545,4.0494845,9.694679,4.049482250000866,9.694716750000255,True,OpenStreetMap,2026-05-30T20:07:09.399149
OSM_5838256709_732151975_0,Boulevard de la Liberté,Avenue principale,0.006634201906445557,2,3000,4.04948,9.6947545,4.0494276,9.6947259,4.049453800000213,9.69474019999949,True,OpenStreetMap,2026-05-30T20:07:09.399149
OSM_5838256710_732151975_0,Rue Ernest Betote Akwa (N° 1.358),Rue secondaire,0.008190973522338722,2,1600,4.0494845,9.694679,4.0494276,9.6947259,4.049456050000209,9.694702450000793,True,OpenStreetMap,2026-05-30T20:07:09.399149
OSM_5838256710_732134861_0,Rue Ernest Betote Akwa (N° 1.358),Rue secondaire,0.11056568233507355,2,1600,4.0494845,9.694679,4.0500398,9.6938521,4.049762150082434,9.694265550150936,True,OpenStreetMap,2026-05-30T20:07:09.399149
OSM_5915095940_732132891_0,Route Deido Bonanjo (N°1.705),Avenue principale,0.04023052799592266,2,3000,4.0646459,9.707361,4.0649268,9.7075896,4.064786350011825,9.707475299979517,True,OpenStreetMap,2026-05-30T20:07:09.399149
OSM_5915095940_6474188150_0,Route Deido Bonanjo (N°1.705),Avenue principale,0.04799553006524204,2,3000,4.0646459,9.707361,4.06443,9.7069863,4.064537950026312,9.707173649977621,True,OpenStreetMap,2026-05-30T20:07:09.399149
OSM_5915095954_732150137_0,Route Akwa Nord,Avenue principale,0.056808484190086855,2,3000,4.0785715,9.7185203,4.079042,9.7187199,4.07880675001204,9.718620099966044,True,OpenStreetMap,2026-05-30T20:07:09.399149
OSM_5915095954_732119890_0,Route Akwa Nord,Avenue principale,0.07151335985046853,2,3000,4.0785715,9.7185203,4.0779861,9.7182533,4.07827880002073,9.71838679994433,True,OpenStreetMap,2026-05-30T20:07:09.399149
OSM_5917468414_732133799_0,Boulevard de la Liberté,Voie rapide,0.0254984914036318,2,4000,4.0638322,9.7065354,4.0636713,9.7063716,4.0637517500056655,9.706453499991914,True,OpenStreetMap,2026-05-30T20:07:09.399149
OSM_5917468414_6474188151_0,Boulevard de la Liberté,Voie rapide,0.03098747518231781,2,4000,4.0638322,9.7065354,4.0639628,9.7067822,4.063897500011248,9.706658799991258,True,OpenStreetMap,2026-05-30T20:07:09.399149
OSM_5942387114_5815859981_0,Rue de Deido Bassa(N°1.878),Avenue principale,0.02330071148225968,2,3000,4.0624386,9.7205856,4.0625265,9.7203949,4.062482550004749,9.720490250005948,True,OpenStreetMap,2026-05-30T20:07:09.399149
OSM_6474188150_734869664_0,Rond-Point de Deido,Voie rapide,0.0324224564500028,2,4000,4.06443,9.7069863,4.0643881,9.706712,4.06443417392323,9.706845329579346,True,OpenStreetMap,2026-05-30T20:07:09.399149
OSM_6474188151_734869667_0,Rond-Point de Deido,Voie rapide,0.0197917983365672,2,4000,4.0639628,9.7067822,4.0639541,9.7069572,4.063949315895994,9.706869245031829,True,OpenStreetMap,2026-05-30T20:07:09.399149
OSM_7019216573_5829493968_0,Route du Marché Deido,Rue secondaire,0.12496925136821864,2,1600,4.0593951,9.7174908,4.0587197,9.7165903,4.059056424045349,9.717041297185286,True,OpenStreetMap,2026-05-30T20:07:09.399149
OSM_9969801928_9969802012_0,Rue de Deido Bassa(N°1.878),Avenue principale,0.019716074058583152,2,3000,4.0579122,9.7284466,4.0578247,9.7286012,4.05786826148447,9.728523793082598,True,OpenStreetMap,2026-05-30T20:07:09.399149
OSM_9969801929_5815859961_0,Rue de Deido Bassa(N°1.878),Avenue principale,0.04007614130240673,2,3000,4.0579679,9.7284913,4.0581432,9.7281756,4.058055550012473,9.728333450018942,True,OpenStreetMap,2026-05-30T20:07:09.399149
OSM_9969802012_732125103_0,Rue de Deido Bassa(N°1.878),Avenue principale,0.025984848535280356,2,3000,4.0578247,9.7286012,4.0577098,9.7288052,4.057767250005189,9.728703200008002,True,OpenStreetMap,2026-05-30T20:07:09.399149
OSM_9969802013_9969801929_0,Rue de Deido Bassa(N°1.878),Avenue principale,0.017813797372589334,2,3000,4.0578887,9.7286309,4.0579679,9.7284913,4.057928243530839,9.728561068162133,True,OpenStreetMap,2026-05-30T20:07:09.399149
OSM_11303785522_732130389_0,Boulevard de la Liberté,Voie rapide,0.14602439033220133,2,4000,4.0618864,9.7045458,4.0628091,9.7054826,4.062347750185326,9.705014199734778,True,OpenStreetMap,2026-05-30T20:07:09.399149
OSM_11303785522_1836945433_0,Boulevard de la Liberté,Voie rapide,0.15103954032832884,2,4000,4.0618864,9.7045458,4.060929,9.70358,4.061408462007232,9.704062100168507,True,OpenStreetMap,2026-05-30T20:07:09.399149
OSM_11836868779_732148203_0,Rue Ernest Betote Akwa (N° 1.358),Rue secondaire,0.21159768338026946,2,1600,4.045345,9.7025764,4.044499,9.7042852,4.044922000375928,9.703430800502456,True,OpenStreetMap,2026-05-30T20:07:09.399149
OSM_11836868779_11836868781_0,Rue Ernest Betote Akwa (N° 1.358),Rue secondaire,0.055981548669699156,2,1600,4.045345,9.7025764,4.0455682,9.702124,4.045456600026379,9.702350200035117,True,OpenStreetMap,2026-05-30T20:07:09.399149
OSM_11836868781_11836868779_0,Rue Ernest Betote Akwa (N° 1.358),Rue secondaire,0.055981548669699156,2,1600,4.0455682,9.702124,4.045345,9.7025764,4.045456600026379,9.702350200035117,True,OpenStreetMap,2026-05-30T20:07:09.399149
OSM_11836868781_732120796_0,Rue Ernest Betote Akwa (N° 1.358),Rue secondaire,0.20360099638372792,2,1600,4.0455682,9.702124,4.0463642,9.7004711,4.045971442155999,9.701300037177983,True,OpenStreetMap,2026-05-30T20:07:09.399149
OSM_12507372401_732136716_0,Rue de Deido Bassa(N°1.878),Avenue principale,0.3152119360055928,2,3000,4.0536904,9.7354945,4.0519529,9.7376835,4.052926324595441,9.736677095783838,True,OpenStreetMap,2026-05-30T20:07:09.399149
OSM_12526658620_732120529_0,Avenue King Akwa( N° 1.401),Rue secondaire,0.060684975492952924,2,1600,4.0454306,9.6948188,4.0459125,9.6950756,4.045671550017466,9.694947199957703,True,OpenStreetMap,2026-05-30T20:07:09.399149
OSM_12526658620_732130397_0,Avenue King Akwa( N° 1.401),Rue secondaire,0.1818836433247806,2,1600,4.0454306,9.6948188,4.0456119,9.6934492,4.045333832855865,9.694185439651363,True,OpenStreetMap,2026-05-30T20:07:09.399149
